Year,Albania,Argentina,Australia,Austria,Barbados,Belgium,Bulgaria,Canada,Chile,China,Colombia,Costa Rica,Cuba,Cyprus,Czechoslovakia,Denmark,East Germany,Egypt,El Salvador,England and Wales,Fiji,Finland,France,Greece,Guadeloupe,Guatemala,Guyana,Hawaii,Honduras,Hungary,India,Ireland,Israel,Italy,Jamaica,Japan,Malaya,Martinique,Mauritius,Mexico,Netherlands,New Zealand,Newfoundland,Northern Ireland,Norway,Panama,Philippines,Poland,Portugal,Puerto Rico,Romania,Russia,Scotland,Serbia,Singapore,South Africa (non-whites),South Africa (whites),Spain,Sri Lanka,Sweden,Switzerland,Taiwan,Trinidad and Tobago,Tunisia,USA (blacks),USA (whites),Uruguay,Venezuela,West Germany,Yugoslawia,Zimbabwe (whites only)
1749,,,,,,,,,,,,,,,,,,,,,,,,,,,,,,,,,,,,,,,,,,,,,33.0,,,,,,,,,,,,,,,33.8,,,,,,,,,,,
1750,,,,,,,,,,,,,,,,,,,,,,,,,,,,,,,,,,,,,,,,,,,,,30.6,,,,,,,,,,,,,,,36.4,,,,,,,,,,,
1751,,,,,,,,,,,,,,,,,,,,,,44.3,,,,,,,,,,,,,,,,,,,,,,,35.0,,,,,,,,,,,,,,,38.7,,,,,,,,,,,
1752,,,,,,,,,,,,,,,,,,,,,,44.7,,,,,,,,,,,,,,,,,,,,,,,33.5,,,,,,,,,,,,,,,35.9,,,,,,,,,,,
1753,,,,,,,,,,,,,,,,,,,,,,44.1,,,,,,,,,,,,,,,,,,,,,,,34.8,,,,,,,,,,,,,,,36.1,,,,,,,,,,,
1754,,,,,,,,,,,,,,,,,,,,,,46.4,,,,,,,,,,,,,,,,,,,,,,,35.3,,,,,,,,,,,,,,,37.2,,,,,,,,,,,
1755,,,,,,,,,,,,,,,,,,,,,,46.9,,,,,,,,,,,,,,,,,,,,,,,33.5,,,,,,,,,,,,,,,37.5,,,,,,,,,,,
1756,,,,,,,,,,,,,,,,,,,,,,45.8,,,,,,,,,,,,,,,,,,,,,,,36.1,,,,,,,,,,,,,,,36.1,,,,,,,,,,,
1757,,,,,,,,,,,,,,,,,,,,,,43.3,,,,,,,,,,,,,,,,,,,,,,,34.5,,,,,,,,,,,,,,,32.6,,,,,,,,,,,
1758,,,,,,,,,,,,,,,,,,,,,,42.3,,,,,,,,,,,,,,,,,,,,,,,33.6,,,,,,,,,,,,,,,33.4,,,,,,,,,,,
1759,,,,,,,,,,,,,,,,,,,,,,44.5,,,,,,,,,,,,,,,,,,,,,,,32.3,,,,,,,,,,,,,,,33.6,,,,,,,,,,,
1760,,,,,,,,,,,,,,,,,,,,,,46.6,,,,,,,,,,,,,,,,,,,,,,,35.0,,,,,,,,,,,,,,,35.7,,,,,,,,,,,
1761,,,,,,,,,,,,,,,,,,,,,,45.8,,,,,,,,,,,,,,,,,,,,,,,35.9,,,,,,,,,,,,,,,34.8,,,,,,,,,,,
1762,,,,,,,,,,,,,,,,,,,,,,41.3,,,,,,,,,,,,,,,,,,,,,,,35.8,,,,,,,,,,,,,,,35.1,,,,,,,,,,,
1763,,,,,,,,,,,,,,,,,,,,,,43.0,,,,,,,,,,,,,,,,,,,,,,,34.5,,,,,,,,,,,,,,,35.0,,,,,,,,,,,
1764,,,,,,,,,,,,,,,,,,,,,,45.7,,,,,,,,,,,,,,,,,,,,,,,35.8,,,,,,,,,,,,,,,34.7,,,,,,,,,,,
1765,,,,,,,,,,,,,,,,,,,,,,42.9,,,,,,,,,,,,,,,,,,,,,,,34.5,,,,,,,,,,,,,,,33.4,,,,,,,,,,,
1766,,,,,,,,,,,,,,,,,,,,,,41.5,,,,,,,,,,,,,,,,,,,,,,,34.0,,,,,,,,,,,,,,,33.8,,,,,,,,,,,
1767,,,,,,,,,,,,,,,,,,,,,,40.7,,,,,,,,,,,,,,,,,,,,,,,35.1,,,,,,,,,,,,,,,35.4,,,,,,,,,,,
1768,,,,,,,,,,,,,,,,,,,,,,42.9,,,,,,,,,,,,,,,,,,,,,,,32.8,,,,,,,,,,,,,,,33.6,,,,,,,,,,,
1769,,,,,,,,,,,,,,,,,,,,,,42.4,,,,,,,,,,,,,,,,,,,,,,,33.7,,,,,,,,,,,,,,,33.1,,,,,,,,,,,
1770,,,,,,,,,,,,,,,,,,,,,,40.9,,,,,,,,,,,,,,,,,,,,,,,32.1,,,,,,,,,,,,,,,33.0,,,,,,,,,,,
1771,,,,,,,,,,,,,,,,,,,,,,38.0,,,,,,,,,,,,,,,,,,,,,,,31.6,,,,,,,,,,,,,,,32.2,,,,,,,,,,,
1772,,,,,,,,,,,,,,,,,,,,,,37.6,,,,,,,,,,,,,,,,,,,,,,,28.2,,,,,,,,,,,,,,,28.9,,,,,,,,,,,
1773,,,,,,,,,,,,,,,,,,,,,,37.9,,,,,,,,,,,,,,,,,,,,,,,25.0,,,,,,,,,,,,,,,25.5,,,,,,,,,,,
1774,,,,,,,,,,,,,,,,,,,,,,40.3,,,,,,,,,,,,,,,,,,,,,,,28.3,,,,,,,,,,,,,,,34.5,,,,,,,,,,,
1775,,,,,,,,,,,,,,,,,,,,,,40.4,,,,,,,,,,,,,,,,,,,,,,,33.8,,,,,,,,,,,,,,,35.6,,,,,,,,,,,
1776,,,,,,,,,,,,,,,,,,,,,,39.0,,,,,,,,,,,,,,,,,,,,,,,28.8,,,,,,,,,,,,,,,32.9,,,,,,,,,,,
1777,,,,,,,,,,,,,,,,,,,,,,40.1,,,,,,,,,,,,,,,,,,,,,,,31.3,,,,,,,,,,,,,,,33.0,,,,,,,,,,,
1778,,,,,,,,,,,,,,,,,,,,,,42.7,,,,,,,,,,,,,,,,,,,,,,,31.2,,,,,,,,,,,,,,,34.8,,,,,,,,,,,
1779,,,,,,,,,,,,,,,,,,,,,,43.2,,,,,,,,,,,,,,,,,,,,,,,31.5,,,,,,,,,,,,,,,36.7,,,,,,,,,,,
1780,,,,,,,,,,,,,,,,,,,,,,41.2,,,,,,,,,,,,,,,,,,,,,,,32.4,,,,,,,,,,,,,,,35.7,,,,,,,,,,,
1781,,,,,,,,,,,,,,,,,,,,,,37.7,,,,,,,,,,,,,,,,,,,,,,,31.4,,,,,,,,,,,,,,,33.5,,,,,,,,,,,
1782,,,,,,,,,,,,,,,,,,,,,,41.7,,,,,,,,,,,,,,,,,,,,,,,30.9,,,,,,,,,,,,,,,32.1,,,,,,,,,,,
1783,,,,,,,,,,,,,,,,,,,,,,40.0,,,,,,,,,,,,,,,,,,,,,,,27.6,,,,,,,,,,,,,,,30.3,,,,,,,,,,,
1784,,,,,,,,,,,,,,,,,,,,,,42.7,,,,,,,,,,,,,,,,,,,,,,,30.5,,,,,,,,,,,,,,,31.5,,,,,,,,,,,
1785,,,,,,,,,,,,,,,,,,,,,,39.8,,,,,,,,,,,,,,,,,,,,,,,28.9,,,,,,,,,,,,,,,31.4,,,,,,,,,,,
1786,,,,,,,,,,,,,,,,,,,,,,39.9,,,,,,,,,,,,,,,,,,,,,,,30.6,,,,,,,,,,,,,,,32.9,,,,,,,,,,,
1787,,,,,,,,,,,,,,,,,,,,,,40.4,,,,,,,,,,,,,,,,,,,,,,,29.2,,,,,,,,,,,,,,,31.5,,,,,,,,,,,
1788,,,,,,,,,,,,,,,,,,,,,,36.1,,,,,,,,,,,,,,,,,,,,,,,30.7,,,,,,,,,,,,,,,33.9,,,,,,,,,,,
1789,,,,,,,,,,,,,,,,,,,,,,34.2,,,,,,,,,,,,,,,,,,,,,,,30.6,,,,,,,,,,,,,,,32.0,,,,,,,,,,,
1790,,,,,,,,,,,,,,,,,,,,,,37.0,,,,,,,,,,,,,,,,,,,,,,,32.0,,,,,,,,,,,,,,,30.5,,,,,,,,,,,
1791,,,,,,,,,,,,,,,,,,,,,,36.0,,,,,,,,,,,,,,,,,,,,,,,32.7,,,,,,,,,,,,,,,32.6,,,,,,,,,,,
1792,,,,,,,,,,,,,,,,,,,,,,42.2,,,,,,,,,,,,,,,,,,,,,,,34.7,,,,,,,,,,,,,,,36.6,,,,,,,,,,,
1793,,,,,,,,,,,,,,,,,,,,,,43.8,,,,,,,,,,,,,,,,,,,,,,,34.1,,,,,,,,,,,,,,,34.4,,,,,,,,,,,
1794,,,,,,,,,,,,,,,,,,,,,,41.4,,,,,,,,,,,,,,,,,,,,,,,33.7,,,,,,,,,,,,,,,33.8,,,,,,,,,,,
1795,,,,,,,,,,,,,,,,,,,,,,42.1,,,,,,,,,,,,,,,,,,,,,,,32.3,,,,,,,,,,,,,,,32.0,,,,,,,,,,,
1796,,,,,,,,,,,,,,,,,,,,,,39.7,,,,,,,,,,,,,,,,,,,,,,,31.5,,,,,,,,,,,,,,,34.7,,,,,,,,,,,
1797,,,,,,,,,,,,,,,,,,,,,,41.2,,,,,,,,,,,,,,,,,,,,,,,32.7,,,,,,,,,,,,,,,34.8,,,,,,,,,,,
1798,,,,,,,,,,,,,,,,,,,,,,38.6,,,,,,,,,,,,,,,,,,,,,,,32.3,,,,,,,,,,,,,,,33.7,,,,,,,,,,,
1799,,,,,,,,,,,,,,,,,,,,,,38.7,,,,,,,,,,,,,,,,,,,,,,,32.5,,,,,,,,,,,,,,,32.0,,,,,,,,,,,
1800,,,,,,,,,,,,,,,,29.9,,,,,,37.6,,,,,,,,,,,,,,,,,,,,,,,,,,,,,,,,,,,,,,28.7,,,,,,,,,,,
1801,,,,,,,,,,,,,,,,31.1,,,,,,39.6,32.9,,,,,,,,,,,,,,,,,,,,,,22.7,,,,,,,,,,,,,,,30.0,,,,,,,,,,,
1802,,,,,,,,,,,,,,,,32.2,,,,,,39.2,33.0,,,,,,,,,,,,,,,,,,,,,,27.6,,,,,,,,,,,,,,,31.7,,,,,,,,,,,
1803,,,,,,,,,,,,,,,,33.1,,,,,,35.6,32.5,,,,,,,,,,,,,,,,,,,,,,28.9,,,,,,,,,,,,,,,31.4,,,,,,,,,,,
1804,,,,,,,,,,,,,,,,32.2,,,,,,39.1,31.3,,,,,,,,,,,,,,,,,,,,,,27.7,,,,,,,,,,,,,,,31.9,,,,,,,,,,,
1805,,,,,,,,,,,,,,,,32.8,,,,,,38.4,31.6,,,,,,,,,,,,,,,,,,,,,,29.2,,,,,,,,,,,,,,,31.7,,,,,,,,,,,
1806,,,,,,,,,,,,,,,,30.2,,,,,,35.7,31.4,,,,,,,,,,,,,,,,,,,,,,29.6,,,,,,,,,,,,,,,30.8,,,,,,,,,,,
1807,,,,,,,,,,,,,,,,31.0,,,,,,36.2,31.8,,,,,,,,,,,,,,,,,,,,,,29.0,,,,,,,,,,,,,,,31.2,,,,,,,,,,,
1808,,,,,,,,,,,,,,,,30.6,,,,,,30.4,31.3,,,,,,,,,,,,,,,,,,,,,,26.9,,,,,,,,,,,,,,,30.4,,,,,,,,,,,
1809,,,,,,,,,,,,,,,,29.3,,,,,,28.6,32.0,,,,,,,,,,,,,,,,,,,,,,22.2,,,,,,,,,,,,,,,26.7,,,,,,,,,,,
1810,,,,,,,,,,,,,,,,30.3,,,,,,40.5,31.8,,,,,,,,,,,,,,,,,,,,,,26.3,,,,,,,,,,,,,,,33.0,,,,,,,,,,,
1811,,,,,,,,,,,,,,,,30.5,,,,,,36.4,31.6,,,,,,,,,,,,,,,,,,,,,,26.7,,,,,,,,,,,,,,,35.3,,,,,,,,,,,
1812,,,,,,,,,,,,,,,,29.8,,,,,,38.9,30.1,,,,,,,,,,,,,,,,,,,,,,29.1,,,,,,,,,,,,,,,33.6,,,,,,,,,,,
1813,,,,,,,,,,,,,,,,29.1,,,,,,35.6,30.5,,,,,,,,,,,,,,,,,,,,,,25.6,,,,,,,,,,,,,,,29.7,,,,,,,,,,,
1814,,,,,,,,,,,,,,,,30.4,,,,,,36.7,33.9,,,,,,,,,,,,,,,,,,,,,,24.2,,,,,,,,,,,,,,,31.2,,,,,,,,,,,
1815,,,,,,,,,,,,,,,,34.1,,,,,,37.5,32.5,,,,,,,,,,,,,,,,,,,,,,29.9,,,,,,,,,,,,,,,34.8,,,,,,,,,,,
1816,,,,,,,,,,,,,,,,32.9,,,,,,38.8,32.9,,,,,,,,,,,,,,,,,,,,,,35.1,,,,,,,,,,,,,,,35.3,,,,,,,,,,,
1817,,,,,,,,,,,,,,,,32.8,,,,,,39.0,31.8,,,,,,,,,,,,,,,,,,,,,,32.5,,,,,,,,,,,,,,,33.4,,,,,,,,,39.5,,
1818,,,,,,,,,,,,,,,,32.1,,,,,,38.4,30.6,,,,,,,,,,,,,,,,,,,,,,30.8,,,,,,,,,,,,,,,33.8,,,,,,,,,39.5,,
1819,,,,,,,,,,,,,,,,32.5,,,,,,36.1,32.9,,,,,,,,,,,,,,,,,,,,,,31.9,,,,,,,,,,,,,,,33.0,,,,,,,,,41.5,,
1820,,,,43.0,,,,,,,,,,,,31.5,,,,,,36.6,31.7,,,,,,,,,,,,,,,,,,,,,,33.3,,,,,,,,,,,,,,,33.0,,,,,,,,,39.9,,
1821,,,,41.4,,,,,,,,,,,,32.1,,,,,,41.4,31.7,,,,,,,,,,,,,,,,,,,,,,34.7,,,,,,,,,,,,,,,35.4,,,,,,,,,40.8,,
1822,,,,38.5,,,,,,,,,,,,33.7,,,,,,35.6,31.7,,,,,,,,,,,,,,,,,,,,,,32.9,,,,,,,,,,,,,,,35.9,,,,,,,,,39.8,,
1823,,,,39.6,,,,,,,,,,,,32.6,,,,,,40.3,31.2,,,,,,,,,,,,,,,,,,,,,,33.9,,,,,,,,,,,,,,,36.8,,,,,,,,,38.8,,
1824,,,,40.1,,,,,,,,,,,,31.3,,,,,,37.8,31.6,,,,,,,,,,,,,,,,,,,,,,32.5,,,,,,,,,,,,,,,34.6,,,,,,,,,38.6,,
1825,,,,40.3,,,,,,,,,,,,31.3,,,,,,38.5,31.0,,,,,,,,,,,,,,,,,,,,,,34.3,,,,,,,,,,,,,,,36.5,,,,,,,,,39.1,,
1826,,,,39.6,,,,,,,,,,,,31.4,,,,,,37.6,31.4,,,,,,,,,,,,,,,,,,,,,,34.8,,,,,,,,,,,,,,,34.8,,,,,,,,,38.9,,
1827,,,,38.6,,,,,,,,,,,,29.2,,,,,,36.7,30.8,,,,,,,,,,,,,,,,,,,,,,32.0,,,,,,,,,,,,,,,31.3,,,,,,,,,36.1,,
1828,,,,37.6,,,,,,,,,,,,30.3,,,,,,39.3,30.5,,,,,,,,,,,,,,,,,,,,,,31.8,,,,,,,,,,,,,,,33.6,,,,,,,,,36.1,,
1829,,,,36.1,,,,,,,,,,,,29.6,,,,,,38.7,30.0,,,,,,,,,,,,,,,,,,,,,,33.6,,,,,,,,,,,,,,,34.9,,,,,,,,,35.3,,
1830,,,,38.0,,32.3,,,,,,,,,,28.9,,,,,,36.6,29.9,,,,,,,,,,,,,,,,,,,,,,32.3,,,,,,,,,,,,,,,32.9,,,,,,,,,35.5,,
1831,,,,35.6,,33.0,,,,,,,,,,29.7,,,,,,35.2,30.3,,,,,,,,,,,,,,,,,,,,,,31.0,,,,,,,,,,,,,,,30.5,,,,,,,,,35.0,,
1832,,,,36.6,,31.5,,,,,,,,,,27.0,,,,,,34.5,28.6,,,,,,,,,,,,,,,,,,,,,,29.9,,,,,,,,,,,,,,,30.9,,,,,,,,,34.1,,
1833,,,,40.4,,33.2,,,,,,,,,,32.2,,,,,,30.2,29.5,,,,,,,,,,,,,,,,,,,,,,30.7,,,,,,,,,,,,,,,34.1,,,,,,,,,36.7,,
1834,,,,39.3,,33.3,,,,,,,,,,33.0,,,,,,36.6,29.8,,,,,,,,,,,,,,,,,,,,,,31.7,,,,,,,,,,,,,,,33.7,,,,,,,,,37.6,,
1835,,,,38.5,,34.0,,,,,,,,,,31.7,,,,,,34.3,29.9,,,,,,,,,,,,,,,,,,,,,,32.6,,,,,,,,,,,,,,,32.7,,,,,,,,,36.4,,
1836,,,,37.8,,34.0,,,,,,,,,,30.5,,,,,,31.1,29.2,,,,,,,,,,,,,,,,,,,,,,29.4,,,,,,,,,,,,,,,31.8,,,,,,,,,36.7,,
1837,,,,39.7,,33.4,,,,,,,,,,30.0,,,,,,31.6,28.0,,,,,,,,,,,,,,,,,,,,,,28.7,,,,,,,,,,,,,,,30.8,,,,,,,,,36.3,,
1838,,,,37.9,,35.2,,,,,,,,,,29.8,,,,,,31.8,28.5,,,,,,,,,,,,,,,,,,,,,,27.7,,,,,,,,30.3,,,,,,,29.4,,,,,,,,,36.3,,
1839,,,,38.0,,33.7,,,,,,,,,,29.0,,,,,,33.7,28.2,,,,,,,,,,,,,,,,,,,,,,26.7,,,,,,,,31.8,,,,,,,29.5,,,,,,,,,36.4,,
1840,,,,38.6,,34.2,,,,,,,,,,30.4,,,,,,34.7,27.9,,,,,,,,,,,,,,,,,,35.0,,,,27.8,,,,,,,,32.0,,,,,,,31.4,,,,,,,,,36.4,,
1841,,,,38.3,,34.0,,,,,,,,,,29.7,,,,,,34.0,28.5,,,,,,,,,,,,,,,,,,35.5,,,,29.8,,,,,,,,32.2,,,,,,,30.3,,,,,,,,,36.4,,
1842,,,,41.2,,32.6,,,,,,,,,,30.1,,,,,,37.2,28.5,,,,,,,,,,,,,,,,,,34.2,,,,30.7,,,,,,,,32.1,,,,,,,31.7,,,,,,,,,37.6,,
1843,,,,39.3,,31.9,,,,,,,,,,29.8,,,,,,35.8,28.2,,,,,,,,,,,,,,,,,,33.8,,,,30.2,,,,,,,,32.3,,,,,,28.2,30.8,,,,,,,,,36.0,,
1844,,,,39.7,,31.8,,,,,,,,,,30.3,,,,,,35.0,27.5,,,,,,,,,,,,,,,,,,34.4,,,,29.9,,,,,,,,32.7,,,,,,,32.2,,,,,,,,,35.9,,
1845,,,,39.5,,32.2,,,,,,,,,,30.6,,,,,,35.7,27.9,,,,,,,,,,,,,,,,,,34.2,,,,31.2,,,,,,,,32.5,,,,,,,31.5,,,,,,,,,37.3,,
1846,,,,37.0,,27.8,,,,,,,,,,30.1,,,,,,33.2,27.3,,,,,,,,,,,,,,,,,,31.4,,,,31.1,,,,,,,,33.8,,,,,,,29.9,,,,,,,,,36.0,,
1847,,,,36.0,,27.2,,,,,,,,,,30.6,,,,,,33.9,25.4,,,,,,,,,,,,,,,,,,28.6,,,,30.8,,,,,,,,31.5,,,,,,25.0,29.6,,,,,,,,,33.3,,
1848,,,,32.7,,27.7,,,36.8,,,,,,,30.6,,,,,,36.5,26.5,,,,,,,,,,,,,,,,,,30.1,,,,29.8,,,,,,,,32.5,,,,,,25.2,30.3,,,,,,,,,33.3,,
1849,,,,40.0,,31.0,,,37.4,,,,,,,31.0,,,,,,37.5,27.7,,,,,,,,,,,,,,,,,,34.2,,,,32.0,,,,,,,,32.9,,,,,,22.9,32.8,,,,,,,,,38.1,,
1850,,,36.9,39.6,,30.0,,,41.3,,,,,,,31.4,,,,33.4,,35.7,26.8,,,,,,,,,,,,,,,,,,,,,,31.0,,,,,,,,,,,,,,21.3,31.9,,,,,,,,,37.2,,
1851,,,37.4,39.2,,30.3,,,38.5,,,,,,,30.1,,,,34.3,,38.2,27.1,,,,,29.6,,,,,,,,,,,,,,,,,,,,,,,,,,,,,,,23.8,31.7,,,,,,,,,36.7,,
1852,,,35.1,37.5,,30.0,,,40.9,,,,,,,33.2,,,,34.3,,35.0,26.8,,,,,23.2,,,,,,,,,,,,,,,,,31.0,,,,,,,,,,,,,,24.6,30.7,,,,,,,,,35.5,,
1853,,,37.5,37.2,,28.3,,,44.7,,,,,,,31.6,,,,33.3,,35.1,26.0,,,,,19.8,,,,,,,,,,,,,,,,,32.0,,,,,,,,,,,,,,24.2,31.4,,,,,,,,,34.6,,
1854,,,36.3,36.3,,28.8,,,43.3,,,,,,,32.7,,,,34.1,,37.5,25.5,,,,,18.9,,,,,,,,,,,,,,,,,34.3,,,,,,,,,,,,,,23.9,33.5,,,,,,,,,34.0,,
1855,,,39.7,32.2,,27.7,,,44.7,,,,,,,31.9,,,,33.8,,35.8,25.0,,,,,22.5,,,,,,,,,,,,,,39.2,,,33.4,,,,,,,,31.3,,,,,,22.9,31.8,,,,,,,,,32.2,,
1856,,,38.7,35.6,,29.1,,,45.5,,,,,,,32.4,,,,34.5,,36.3,26.3,,,,,17.7,,,,,,,,,,,,,,37.8,,,32.2,,,,,,,,34.0,,,,,,24.5,31.5,,,,,,,,,33.5,,
1857,,,42.0,39.4,,31.6,,,44.8,,,,,,,32.9,,,,34.4,,32.8,25.9,,,,,22.4,,,,,,,,,,,,,,39.5,,,33.0,,,,,,,,34.3,,,,,,23.8,32.4,,,,,,,,,36.0,,
1858,,,42.6,39.8,,31.7,,,41.6,,,,,,,33.2,,,,33.7,,36.5,26.7,,,,,24.5,,,,,,,,,,,,,,38.2,,,33.5,,,,,,,,34.4,,,,,35.2,26.0,34.8,,,,,,,,,36.5,,
1859,,,42.9,40.7,,32.4,,,41.6,,,,,,,33.6,,,,35.0,,35.8,27.9,,,,,22.7,,,,,,,,,,,,,,37.0,,,34.8,,,,,,29.6,,35.0,,,,,38.4,24.4,35.0,,,,,,,,,37.5,,
1860,,,42.6,38.2,,31.0,,,47.6,,,,,,,32.6,,,,34.3,,36.4,26.2,28.4,,,,23.8,,,,,,,,,,,,,,41.2,,,33.3,,,,,,31.6,,35.6,,,,,36.7,27.0,34.8,,,,,,,,,36.4,,
1861,,,42.3,37.4,,31.1,,,39.6,,,,,,,31.6,,,,34.6,,37.8,26.9,29.5,,,,22.3,,39.7,,,,,,,,,,,,38.5,,,30.7,,,,,,32.0,49.7,34.9,,,,,39.0,24.4,32.6,,,,,,,,,35.7,,
1862,,,43.3,38.1,,30.4,,,40.8,,,,,,,30.8,,,,35.0,,37.3,26.5,,,,,21.6,,41.8,,,,,,,,,,,,36.1,,,32.1,,,,,,32.0,51.1,34.6,40.5,,,,38.5,23.4,33.4,,,,,,,,,35.4,,
1863,,,41.7,40.6,,32.2,,,40.8,,,,,,,30.9,,,,35.3,,36.2,26.9,,,,,23.8,,44.3,,,,,,,,,,,,35.3,,,32.7,,,,,,30.4,50.0,35.0,43.0,,,,37.8,20.7,33.6,,,,,,,,,37.5,,
1864,,,42.9,40.6,,32.1,,,42.3,,,,,,,30.1,,,,35.4,,39.3,26.6,28.2,,,,,,41.2,,24.2,,,,,,,,,,38.5,,,31.9,,,,,,36.0,52.9,35.6,45.1,,,,39.2,22.3,33.6,,,,,,,,,37.8,,
1865,,,42.1,38.0,,31.6,,,36.0,,,,,,,31.1,,,,35.4,,34.2,26.5,29.4,,,,,,41.8,,25.9,,,,,,,,,,41.1,,,31.9,,,,,,34.6,50.0,35.5,46.7,,,,38.6,22.0,32.8,,,,,,,,,37.6,,
1866,,,39.8,37.9,,31.7,,,38.4,,,,,,,32.0,,,,35.2,,32.0,26.4,27.8,,,,26.9,,41.1,,26.5,,,,,,,,,,42.9,,,31.7,,,,,,31.3,,35.4,45.7,,,,38.3,23.1,33.1,,,,,,,,,37.8,,
1867,,,40.4,36.8,,32.6,,,39.5,,,,,,,30.3,,,,35.4,,32.3,26.2,30.1,,,,28.0,,38.0,,26.3,,,,,,,,,,42.2,,,30.1,,,,,,31.7,51.2,35.1,44.8,,,,38.5,20.4,30.8,,,,,,,,,36.8,,
1868,,,40.5,38.1,,31.9,,,41.3,,,,,,,31.0,,,,35.8,,24.6,25.7,28.6,,,,34.5,,41.7,,26.7,,,,,,,,,,42.1,,,29.5,,,,,,33.4,48.8,35.3,45.7,,,,35.7,26.5,27.5,,,,,,,,,36.8,,
1869,,,38.6,39.6,,32.0,,,42.1,,,,,,,29.3,,,,34.8,,33.7,26.0,28.8,,,,36.0,,41.9,,26.7,,,,,,,,,,41.9,,,28.9,,,,,,34.0,49.7,34.3,45.2,,,,37.0,25.8,28.3,,,,,,,,,37.8,,
1870,,,38.7,39.8,,32.7,,,42.3,,,,,,,30.3,,,,35.2,,36.3,25.9,28.1,,,,40.8,,42.1,,27.7,,,,,,,,,,42.3,,,29.2,,,,,,34.4,49.2,34.6,44.8,,,,36.6,29.6,28.8,29.8,,,,,,,,38.5,,
1871,,,38.0,38.7,,31.2,,,41.5,,,,,,,30.1,,,,35.0,,37.3,22.9,28.4,,,,44.0,,42.8,,28.1,,,,,,,,,,40.6,,,29.3,,,,,,33.5,51.0,34.5,43.2,,,,,28.6,30.4,29.0,,,,,,,,34.5,,
1872,,,37.1,38.9,,32.7,,,44.1,,,,,,,30.3,,,,35.6,,36.4,26.7,28.6,,,,40.7,,40.6,,27.8,,,,16.3,,,,,,35.9,,,30.0,,,,,,32.0,50.0,34.9,39.1,,,,,28.9,30.0,29.8,,,,,,,,39.4,,
1873,,,37.4,39.6,,33.0,,,44.9,,,,,,,30.8,,,,35.4,,37.0,26.0,27.6,,,,42.1,,42.4,,27.1,,,,23.1,,,,,,39.0,,,29.9,,,,,,32.5,52.3,34.8,42.4,,,,,29.5,30.8,29.7,,,,,,,,39.7,,
1874,,,36.8,39.6,,33.1,,,44.7,,,,,,,30.9,,,,36.0,,37.9,26.2,29.2,,,,40.2,,42.8,,26.6,,,,23.8,,,,,,40.3,,,31.0,,,,,,34.3,51.4,35.6,41.7,,,,,30.2,30.9,30.4,,,,,,,,40.1,,
1875,,,35.9,39.8,,32.9,,,42.6,,,,,,,31.9,,,,35.4,,36.6,25.9,28.2,,,,47.2,,45.4,,26.1,,,,24.6,,,37.5,,,40.2,,,31.5,,,,,,38.8,51.5,35.2,45.8,,,,,27.4,31.2,31.8,,,,,,,,40.6,,
1876,,,35.9,40.0,,32.7,,,40.6,,,,,,,32.6,,,,36.3,,36.7,26.2,29.6,,,,39.4,,45.9,,26.4,,,,25.4,,,37.1,,,41.7,,,31.6,,,,,,37.0,50.6,35.6,41.6,,,,,28.6,30.8,32.8,,,,,,,,40.9,,
1877,,,35.0,38.5,,32.8,,,38.9,,,,,,,32.3,,,,36.0,,38.2,25.5,28.5,,,,33.2,,43.3,,26.2,,,,24.8,,,35.7,,,41.3,,,31.7,,,,,,35.4,49.6,35.3,33.3,,,,,,31.1,32.0,,,,,,,,40.6,,
1878,,,35.4,38.4,,31.9,,,36.5,,,,,,,31.6,,,,35.6,,35.4,25.2,27.2,,,,,,42.8,,25.1,,,,24.2,,,35.0,,,42.0,,,31.5,,,,,,31.5,47.3,34.9,38.1,,,,36.1,24.0,29.8,31.3,,,,,,,,38.9,,
1879,,,35.8,39.1,,31.9,,,40.6,,,,,,,31.9,,,,34.7,,37.8,25.1,24.8,,,,41.0,,45.7,,25.2,,,33.6,24.0,,,36.8,,,40.3,,,32.1,,,,,,37.1,50.2,34.3,39.4,,,,35.8,27.1,30.5,30.5,,,,,,,,38.9,,
1880,,,35.2,37.5,,31.0,,,38.2,,,,,,,31.7,,,,34.2,,36.5,24.6,24.4,,,,,,42.8,,24.7,,,38.3,24.1,,,37.5,,,40.8,,,30.9,,,,,,37.7,49.7,33.6,40.7,,,,35.5,28.2,29.4,29.6,,,,,,,,37.6,,
1881,,,35.3,37.5,,31.8,33.7,,44.4,,,,,,,32.2,,,,33.9,,35.0,24.9,24.5,,,,35.6,,43.2,,24.5,,,36.7,25.5,,,36.4,,,38.0,,,30.0,,,,,,41.5,49.1,33.7,45.7,,,,37.1,27.1,29.1,29.8,,,,,,,,37.0,,
1882,,,34.5,39.0,,31.6,36.7,,40.2,,,,,,,32.3,,,,33.8,,36.3,24.8,25.2,,,,,,44.2,,24.0,,,35.3,24.8,,,36.1,,,37.3,,,30.6,,,,,,40.4,51.6,33.5,44.4,,,,36.2,26.6,29.4,28.9,,,,,,43.0,,37.2,,
1883,,,34.8,38.1,,30.9,38.5,,40.6,,,,,,,31.8,,,,33.5,,35.9,24.8,25.0,,,,22.2,,45.0,,23.5,,,40.7,26.8,,,34.9,,,36.3,,,31.0,,,,,,42.8,50.6,32.8,47.0,,,,35.6,29.2,28.9,28.5,,37.0,,,,42.6,,36.6,,
1884,,,35.6,38.6,,30.9,38.5,,41.1,,,,,,,33.3,,,,33.6,,36.1,24.7,28.6,,,,,,45.8,,23.9,,,36.3,25.7,,,38.2,,,35.9,,,31.6,,,,,,41.4,51.5,33.7,47.6,,,,36.7,30.8,30.0,28.3,,34.7,,,,38.9,,37.2,,
1885,,,35.7,37.5,,30.3,37.6,,25.0,,,,,,,32.5,,,,32.9,,34.2,24.3,28.5,,,,19.7,,44.9,,23.5,,,38.1,26.7,,,36.6,,,34.4,,,31.5,,,,,,43.1,50.0,32.7,46.6,,,,36.3,27.7,29.4,27.7,,36.0,,,,40.7,,37.0,,
1886,,,35.4,37.9,,29.9,32.6,,29.0,,,,,,,32.4,,,,32.8,,35.3,23.9,,,,,,,45.6,,23.2,,,36.4,27.3,,,36.2,,,33.2,,,30.9,,,,31.9,,42.2,49.0,32.9,42.0,,,,36.7,26.6,29.8,27.8,,36.6,,,,41.5,,37.1,,
1887,,,35.6,38.2,,29.7,38.4,,29.4,,,,,,,31.7,,,,31.9,,36.2,23.5,,,,,18.3,,44.3,,23.1,,,34.9,27.3,,,37.8,,,32.1,,,31.4,,,,33.7,,41.0,49.5,31.8,46.3,,,,36.1,32.0,29.7,27.9,,34.1,,,,42.1,,36.9,,
1888,,,35.5,37.8,,29.4,37.7,,32.1,,,,,,,31.5,,,,31.2,,34.9,23.1,,,,,,,43.9,,22.8,,,39.5,30.0,,,35.6,,,31.2,,,30.4,,,,33.1,,42.4,49.9,31.3,45.7,,,,36.4,31.4,28.8,27.7,,36.2,,,,18.8,,36.6,,
1889,,,34.7,37.8,,29.4,36.7,,38.0,,,,,,,31.2,,,,31.1,,33.4,23.0,34.1,,,,22.2,,43.8,,22.7,,,35.6,30.7,,,37.1,,,30.2,,,29.6,,,,33.7,,40.6,51.6,30.9,44.1,,,,36.4,27.3,27.7,27.7,,35.3,,,,41.6,,36.4,,
1890,,,35.0,36.2,,29.0,35.1,,37.9,,,,,,,30.5,,,,30.2,,32.9,21.8,35.3,,,,,,40.7,,22.3,,,38.6,28.7,,,35.9,,,29.4,,,30.4,,,,32.6,,38.5,50.3,30.4,40.3,,,,34.4,31.9,28.0,26.6,,32.0,,,,40.7,,35.7,,
1891,,,34.5,38.2,,30.0,39.1,,30.3,,,,,,,31.0,,,,31.4,,34.3,22.6,,,,26.6,,,42.6,,23.1,,,38.3,27.0,,,37.4,,,29.0,,,30.8,,,,32.0,,42.3,50.6,31.2,45.0,,,,35.3,32.0,28.3,28.2,,32.2,,,,40.6,36.6,37.0,,
1892,,,33.7,36.0,,28.9,36.0,,39.3,,,,,,,29.6,,,,30.4,,31.6,22.3,,,,28.0,,,40.6,,22.5,,,37.2,29.8,,,40.1,,,27.8,,,29.6,,,,31.2,,39.0,46.0,30.7,42.4,,,,35.8,30.4,27.0,27.7,,33.4,,,,39.6,36.3,35.7,,
1893,,,32.8,37.9,,29.5,35.0,,39.2,,,,,,,30.8,,,,30.7,,30.1,22.8,,,,27.3,,,43.0,,23.0,,,40.9,28.8,,,35.5,,,27.5,,,30.3,,,,31.9,,40.5,48.8,30.8,42.5,,,,35.6,31.3,27.4,27.9,,33.8,,,,37.6,35.6,36.8,,
1894,,,30.8,36.6,,29.0,38.0,,41.1,,,,,,,30.4,,,,29.6,,31.1,22.3,,,,24.8,,,41.6,,22.9,,,37.1,29.4,,,37.6,,,27.3,,,29.6,,,,29.7,,40.9,49.2,29.9,42.5,,,,34.8,32.8,27.1,27.3,,33.9,,,,38.1,35.5,35.9,,
1895,,,30.4,37.9,,28.5,40.7,,39.1,,,,,,,30.3,,,,30.3,,32.9,21.7,,,,28.9,,,41.8,,23.3,,,38.8,30.0,,,37.0,,,26.8,,,30.4,,,,30.0,,42.3,50.1,30.0,44.0,,,,35.0,31.4,27.5,27.3,,34.6,,,,39.2,,36.1,,
1896,,,28.4,37.8,,29.0,41.4,,37.6,,,,,,,30.5,,,,29.6,,32.5,22.5,,,,32.5,,,40.7,,23.7,,,38.5,30.5,,,30.7,,,26.3,,,30.0,,,,30.0,,40.7,50.4,30.4,41.2,,,,35.9,31.6,27.2,28.1,,33.8,,,,37.8,,36.3,,
1897,,,28.2,37.2,,29.0,42.5,,39.6,,,,,,,29.8,,,,29.6,,32.3,22.2,,,,33.6,,,40.5,,23.5,,,39.8,31.5,,,36.1,,,26.0,,,30.0,,,,30.4,,42.9,50.0,30.0,42.6,,,,34.1,37.4,26.7,28.3,,31.8,,,,32.1,,36.0,,
1898,,,27.1,36.0,,28.6,39.4,,37.4,,,,,,,30.2,,,,29.3,,34.4,21.7,,,,29.7,,,37.8,,23.3,,,38.0,31.9,,,36.2,,,25.7,,,30.3,,,,30.2,,36.7,48.6,30.1,35.1,,,,33.3,38.7,27.1,28.5,,31.0,,,,33.6,,36.1,,
1899,,,27.3,36.8,,28.8,40.7,,37.6,,,,,,,29.7,,,,29.1,,33.7,21.8,,,,28.8,,,39.2,,23.1,,,42.1,32.0,,,36.6,,,25.1,,,29.9,,,,29.9,,42.0,49.3,29.8,39.3,,,,34.2,32.3,26.4,29.0,,36.5,,,,34.3,,35.8,,
1900,,,26.7,35.0,,28.9,42.3,27.2,38.4,,,41.5,,,,29.7,,,,28.7,,32.6,21.3,,,,36.7,6.7,,39.4,,22.7,,33.0,35.7,32.4,,,38.6,34.0,31.6,25.6,,,29.7,,,,30.5,,38.8,49.3,29.6,42.4,25.5,,,33.9,38.8,27.0,28.6,,36.6,,,,32.6,,35.6,,
1901,,,27.2,36.6,,29.4,37.7,31.2,39.3,,,36.7,,30.6,,29.7,,,,28.5,,33.2,22.0,,,,35.9,13.2,,37.6,,22.7,,32.5,42.5,33.9,,,34.8,34.2,32.2,26.3,,,29.9,,,,31.3,,39.3,47.9,29.5,38.0,25.0,,,35.0,37.5,27.0,29.0,,34.7,,,,32.8,,35.7,,
1902,,,26.7,37.0,,28.4,39.1,31.3,38.7,,,35.2,,28.0,,29.2,,,,28.5,,32.4,21.6,,,,33.4,14.9,,38.6,,23.0,,33.4,39.3,33.6,,,35.9,33.7,31.8,25.9,,,29.2,,,,32.0,,39.0,49.1,29.3,38.0,26.3,,,35.6,38.5,26.5,28.5,,35.1,,,,31.8,,35.1,,
1903,,,25.3,35.2,,27.5,41.3,31.3,38.0,,,36.3,,28.6,,28.7,,,,28.5,,31.5,21.1,,,,29.0,15.5,,36.5,,23.1,,31.7,40.1,32.7,,,36.3,33.4,31.6,26.6,,,28.6,,37.3,,33.0,,40.1,48.1,29.4,40.9,25.6,,,36.4,40.0,25.7,27.4,,34.3,,,,32.0,,33.8,,
1904,,,26.4,35.6,,27.1,42.8,31.4,37.9,,,38.4,,30.4,,28.9,,,,28.0,,33.0,20.9,,,,30.3,14.9,,37.0,,23.6,,32.9,36.5,31.2,,,37.2,34.8,31.4,26.9,,,27.9,,27.8,,31.6,,40.1,48.6,29.1,39.8,28.6,,,34.2,38.5,25.8,27.3,,37.1,,,,26.0,28.4,34.1,,
1905,,,26.2,33.8,,26.2,43.5,31.0,38.2,,,37.8,,29.6,,28.4,,,,27.3,,31.8,20.6,,,,33.6,15.6,,35.5,,23.4,,32.7,39.4,31.2,,,37.2,34.1,30.8,27.2,,,27.1,,30.9,,31.8,,38.3,45.0,28.6,37.3,,,,35.1,28.7,25.7,26.9,,36.8,,,,31.5,27.7,33.0,,
1906,,,26.6,35.0,,25.6,43.7,29.9,36.9,,,39.3,,30.7,,28.5,,,,27.2,,32.8,20.5,,,,32.9,17.0,,36.1,,23.5,,32.1,38.9,29.6,,,33.6,32.2,30.4,27.1,,,26.8,,26.3,,32.1,,39.9,47.1,28.6,42.0,25.2,,,33.8,36.5,25.7,26.9,38.6,34.7,,,,29.5,28.1,33.1,,25.4
1907,,,26.8,34.0,,25.2,43.3,29.5,38.8,,,42.0,,31.4,,28.2,,,,26.5,,32.8,19.7,,,,28.3,20.5,,36.2,,23.2,,31.7,36.0,34.0,,,37.7,32.8,30.0,27.3,29.5,,26.3,,31.4,,30.7,,41.1,47.5,27.7,40.0,25.7,,,33.3,33.6,25.5,26.2,39.1,32.8,,,,30.5,29.3,32.3,,26.2
1908,,,26.6,33.7,,24.8,40.3,30.3,39.7,,,42.3,,32.9,,28.6,,,,26.7,,32.2,20.1,,,,27.3,25.2,,36.7,,23.3,,33.7,38.7,34.7,,,36.0,34.3,29.7,27.5,28.2,,26.3,,33.3,,30.3,,40.3,44.8,28.1,36.8,28.4,,,33.7,41.0,25.7,26.4,38.2,33.8,,,,33.6,27.8,32.1,,26.4
1909,,,26.7,33.4,,23.5,40.4,30.2,39.1,,,42.3,,29.8,,28.2,,,,25.8,,32.8,19.5,,,,29.3,24.1,,37.1,,23.4,,32.8,39.4,34.9,,,34.4,34.0,29.2,27.3,30.0,,26.8,,28.6,,29.9,,41.1,44.7,27.3,38.7,26.4,,,33.1,37.5,25.6,25.5,40.2,33.2,,,29.2,32.5,28.1,31.1,,24.8
1910,,38.3,26.7,32.5,37.2,23.7,41.4,30.4,38.9,,,41.7,,32.1,,27.5,,,,25.1,,31.7,19.6,,,,27.5,23.1,,35.4,,23.3,,33.3,38.5,34.8,,,34.4,32.0,28.6,26.2,29.7,,25.8,,33.5,,31.7,33.6,39.3,45.1,26.2,39.0,25.2,,32.5,32.7,39.0,24.7,25.0,41.3,32.3,,,29.2,31.7,31.8,29.8,,22.2
1911,,37.9,27.2,31.3,35.2,22.8,39.9,30.1,39.4,,,43.3,,31.6,,26.7,,,,24.3,,30.8,18.7,,,,28.8,24.3,,34.8,38.8,23.2,,31.5,39.1,35.1,,,39.2,,27.8,26.0,28.4,,25.7,,34.3,,38.6,34.3,42.3,45.0,25.6,36.3,25.0,,32.2,31.5,37.9,24.0,24.2,41.8,34.3,,,29.1,31.8,32.0,28.6,,26.9
1912,,38.6,28.7,31.3,36.8,22.5,41.7,31.3,39.5,,,42.8,,28.5,,26.6,,,,23.9,,30.8,18.9,,,,33.1,26.1,,36.0,39.2,23.0,,32.4,39.2,34.4,,,35.5,,28.1,26.5,31.1,,25.4,,34.2,,34.9,35.1,43.4,43.7,25.9,,28.0,,32.2,31.8,33.2,23.8,24.2,41.3,33.8,,,29.0,31.9,28.7,28.3,,29.5
1913,,38.0,28.3,29.7,31.9,22.3,25.7,31.7,40.6,,,43.1,,30.7,,25.6,,,,24.1,,28.8,18.8,,,,34.6,28.1,,34.3,39.5,22.8,,31.7,36.0,34.3,,,40.8,,28.2,26.1,29.9,,25.1,,34.5,,32.5,36.5,42.1,43.1,25.5,,27.0,,31.7,30.6,38.5,23.2,23.2,40.8,33.6,,,28.8,32.2,28.8,27.5,,28.1
1914,,36.7,28.1,,37.4,20.4,45.1,31.9,39.0,,,44.3,,33.1,,25.6,,,,23.8,,28.7,18.1,,,,34.4,30.7,,34.5,39.6,22.6,,31.0,39.8,34.8,,,40.8,,28.2,26.0,30.4,,25.1,,37.2,,31.5,39.8,42.1,,26.1,,29.1,,30.2,29.9,37.9,22.9,22.4,41.4,33.0,,,29.3,29.7,28.3,26.8,,28.5
1915,,35.3,27.1,,29.5,16.1,40.2,31.9,38.6,,28.3,43.4,,34.3,,24.2,,,,21.9,,27.0,11.83,,,,31.3,33.3,,23.7,37.7,22.0,,30.5,35.5,34.1,,,34.8,,26.2,25.3,30.0,,23.6,,34.4,,32.6,37.2,40.5,,23.9,,29.3,,29.3,30.9,37.3,21.6,19.5,40.0,31.5,,,28.9,28.6,27.7,20.4,,28.7
1916,,35.3,26.6,,32.2,12.9,21.3,30.7,40.3,,,41.2,,20.0,,24.4,,,,20.9,,25.7,9.53,,,,26.5,33.6,,16.8,37.0,20.9,,24.1,34.2,33.7,,,35.0,,26.5,25.9,26.5,,24.2,,34.8,,32.1,35.1,,,22.8,,28.2,,29.3,29.1,39.9,21.2,18.9,37.3,32.4,,,28.5,27.1,27.4,15.2,,28.8
1917,,33.6,26.3,,28.8,11.3,17.2,29.1,41.2,,,41.7,,29.5,,23.7,,40.1,,17.8,,25.9,10.43,,,,28.4,36.4,,16.0,39.1,19.7,,19.5,35.2,33.5,,,36.9,,26.0,25.7,26.2,,25.1,,35.1,,31.4,35.4,,,20.1,,30.7,,28.5,29.0,41.4,20.9,18.5,40.9,33.6,,32.9,27.9,26.4,28.2,13.9,,29.1
1918,,32.9,25.0,14.1,30.2,11.3,21.2,28.8,36.9,,,40.0,,32.9,,24.1,,38.9,,17.7,,25.4,12.13,,,,25.1,36.2,,15.3,35.1,19.8,,18.2,35.4,32.7,,,34.8,,25.1,23.4,28.4,,24.6,,33.4,,29.7,40.9,,,20.2,,28.6,,28.6,29.3,41.0,20.3,18.7,39.7,31.0,,33.0,27.6,27.4,27.4,14.3,,25.9
1919,,32.7,23.5,18.5,34.9,16.9,32.8,27.7,35.9,,,36.2,,29.2,22.4,22.6,,37.7,,18.5,,20.5,13.0,,,,26.0,37.0,,27.6,30.0,20.0,,21.5,34.9,32.3,,,35.2,,24.4,21.4,27.0,,22.7,,29.8,,27.6,35.9,23.0,,21.7,,30.3,,26.9,27.9,35.9,19.8,18.6,38.5,30.1,,32.4,25.3,27.2,29.7,20.0,,24.0
1920,,32.3,25.5,22.7,37.5,22.2,39.9,29.2,39.1,,,38.5,,29.5,26.7,25.4,,42.2,36.5,25.5,,27.0,21.4,,,,32.9,38.2,,31.4,32.8,22.8,,32.2,42.1,36.2,,,35.1,,28.6,25.1,29.0,,26.1,,33.6,,33.6,38.4,33.7,30.9,28.1,,29.6,,29.0,29.5,36.5,23.6,20.9,39.5,30.1,,35.0,26.9,26.6,26.3,25.9,,26.2
1921,,32.8,25.0,23.2,32.6,21.7,40.2,29.3,39.0,,,38.2,,26.8,29.2,24.0,,41.8,,22.4,,25.9,20.7,21.2,,,34.5,39.2,,31.8,32.1,,,,34.9,35.1,,,38.1,,,23.2,27.2,,24.2,,34.4,32.8,32.4,38.3,38.2,32.6,25.2,,32.6,,28.4,30.5,40.6,21.5,20.8,42.8,30.6,,35.8,27.3,26.2,25.2,25.3,36.7,27.0
1922,,33.1,24.7,23.1,34.3,20.4,40.5,28.3,38.4,,27.5,38.5,,28.6,28.2,22.2,,43.1,,20.4,31.9,25.0,19.3,21.5,,,27.8,39.3,,30.8,31.6,19.5,,30.8,37.4,34.3,,,37.0,31.4,26.1,23.3,27.8,23.3,23.3,,34.7,35.3,33.1,37.4,37.2,33.4,23.5,,30.5,,27.6,30.5,39.1,19.6,19.7,41.8,32.1,,33.2,25.4,26.0,26.6,23.0,34.4,25.9
1923,,34.0,23.8,22.5,37.4,20.3,37.7,26.7,39.2,,26.6,38.1,,25.5,27.3,22.3,,43.1,,19.7,31.3,25.3,19.1,19.0,,,30.4,39.1,,29.2,34.7,20.5,,30.0,38.7,35.2,,,36.8,32.0,26.2,21.9,27.8,23.9,22.8,,35.2,36.0,33.2,37.0,36.4,38.8,22.9,,30.4,,26.6,30.5,38.7,18.9,19.4,39.1,34.7,,33.2,25.2,25.4,28.3,21.2,34.8,25.9
1924,,32.8,23.2,21.7,32.9,19.8,39.8,26.7,39.7,,25.5,38.7,,27.3,25.8,21.8,,43.8,,18.8,33.9,23.8,18.7,19.5,,,32.4,41.8,,26.9,33.8,21.1,,29.0,37.0,33.9,,,41.1,30.8,25.1,21.6,25.6,22.7,21.3,,,35.0,32.8,38.3,36.7,43.1,22.0,,32.5,,26.1,29.7,37.5,18.1,18.9,41.4,33.7,,34.6,25.1,25.8,27.9,20.6,35.1,23.5
1925,,31.8,22.9,20.6,34.9,19.6,36.9,26.1,40.0,,26.4,38.3,,25.6,25.1,21.0,,42.8,35.6,18.3,32.4,23.7,19.0,26.3,,,33.5,38.7,,28.3,32.8,20.8,32.7,28.4,34.9,34.9,,,42.6,33.1,24.2,21.6,26.0,22.0,19.7,,,35.4,32.6,37.1,35.2,44.7,21.4,,31.8,,26.3,29.1,39.9,17.6,18.5,40.8,33.1,,34.2,24.1,25.1,32.4,20.8,34.2,23.0
1926,,31.2,22.0,19.3,31.3,18.9,37.4,24.7,40.0,,27.7,46.9,,25.9,24.6,20.5,,44.5,36.7,17.8,32.9,23.0,18.8,30.0,,,34.7,37.1,,27.4,33.5,20.6,35.5,27.7,38.4,34.6,,,39.4,31.2,23.8,21.2,27.0,22.5,19.6,,33.6,33.1,33.5,38.3,34.8,43.6,21.1,,32.9,,26.1,29.6,42.0,16.8,18.3,43.7,32.0,,33.4,23.1,25.4,30.7,19.6,35.3,23.8
1927,,30.7,21.7,17.9,31.6,18.2,33.2,24.3,41.5,,27.5,47.9,,25.2,23.3,19.6,,44.0,36.4,16.6,30.1,22.5,18.2,28.8,,,32.6,35.0,,25.8,33.8,20.3,34.6,27.5,34.7,33.4,,,34.5,30.5,23.1,20.4,26.5,21.3,18.1,,35.3,31.6,31.0,39.6,34.1,43.2,19.9,,35.1,,25.9,28.1,41.0,16.1,17.5,43.2,30.4,,31.1,22.7,24.6,30.1,18.4,34.3,24.3
1928,,30.8,21.3,17.6,33.8,18.2,33.1,24.1,52.2,,29.5,48.2,,28.9,23.3,19.6,,43.7,38.4,16.7,33.1,22.8,18.3,30.5,,,28.3,33.2,,26.4,34.9,20.1,34.9,26.7,35.8,32.1,,,37.9,32.3,23.3,19.9,24.6,20.8,17.9,,35.5,32.0,31.9,35.3,34.7,44.3,20.0,,36.0,,25.7,29.1,41.9,16.1,17.4,43.7,29.6,,28.5,21.5,25.0,30.2,18.6,32.7,24.8
1929,,30.2,20.3,16.8,32.0,18.1,30.6,23.5,41.2,,30.4,46.3,,30.4,22.4,18.6,,44.0,35.2,16.3,32.8,22.2,17.7,28.9,,,31.7,31.2,,25.1,33.3,19.8,33.6,25.6,34.2,32.7,,,34.0,39.3,22.8,19.7,24.2,20.4,17.3,,35.5,31.8,29.9,34.4,34.1,,19.2,,37.2,,26.1,28.3,38.3,15.2,17.1,44.0,31.7,,27.3,20.5,24.2,30.2,18.0,33.3,23.6
1930,,29.5,19.9,16.8,32.7,18.6,31.4,23.9,39.8,,28.1,47.4,,32.1,22.7,18.7,,45.4,45.9,16.3,35.7,21.8,18.0,31.3,,56.8,33.8,29.4,37.4,25.4,34.8,19.9,33.0,26.7,37.5,32.4,,,31.6,39.4,23.1,19.4,23.8,20.8,17.0,31.6,32.8,32.3,29.7,35.2,35.0,,19.6,,36.0,,26.4,28.3,39.0,15.4,17.2,44.8,31.4,,27.5,20.6,24.4,29.7,17.6,35.5,24.5
1931,,28.5,18.2,15.9,30.4,18.1,29.5,23.2,34.6,,27.1,46.9,25.2,30.2,21.5,18.0,,44.5,46.0,15.8,34.2,20.7,17.5,30.8,,54.7,31.6,27.7,38.6,23.7,34.8,19.5,32.2,24.9,35.3,32.1,,,29.7,43.8,22.2,19.1,23.3,20.5,16.3,41.5,32.8,30.2,29.7,45.3,33.3,,19.0,,36.4,,25.3,27.6,37.4,14.8,16.7,45.8,30.0,,26.6,19.5,23.3,28.1,16.0,33.6,23.6
1932,25.1,28.1,16.9,15.2,33.5,17.5,31.5,22.5,34.0,,22.2,45.7,16.7,28.7,21.0,18.0,,42.5,41.2,15.3,35.8,19.8,17.3,28.5,,50.3,34.3,27.3,,23.4,33.9,19.1,29.2,23.8,32.7,32.9,36.1,,25.7,43.3,22.0,18.1,24.0,19.9,16.0,38.6,32.6,28.9,29.9,41.1,35.9,,18.6,,35.8,,24.1,28.2,37.0,14.5,16.7,44.0,29.0,,26.9,18.7,22.5,28.4,15.1,32.9,22.8
1933,,26.1,16.8,14.3,32.5,16.3,29.2,21.0,33.1,,28.4,44.6,17.0,27.4,19.2,17.3,,43.8,42.3,14.4,36.4,18.4,16.2,28.6,,47.5,32.8,25.1,31.8,21.9,35.7,19.4,29.2,23.8,33.4,31.5,37.6,,33.8,42.2,20.8,17.7,23.4,19.6,14.7,33.6,32.7,26.5,28.9,37.4,32.1,,17.6,,41.9,,23.4,27.7,38.6,13.7,16.4,44.3,31.1,,25.5,17.6,21.0,27.9,14.7,31.5,21.4
1934,,25.5,16.4,13.6,32.4,15.9,30.1,20.7,33.2,,29.9,44.2,19.2,30.1,18.7,17.8,,42.2,41.6,14.8,36.8,19.1,16.2,31.1,,47.0,29.0,24.2,32.7,21.8,33.7,19.5,30.2,23.5,31.7,29.9,37.1,,33.7,44.3,20.6,17.6,23.5,20.1,14.6,37.1,31.1,26.6,28.4,39.1,32.4,,18.0,,43.3,,23.2,26.2,37.2,13.7,16.3,44.6,29.8,,26.3,18.1,20.6,27.0,18.0,31.6,22.6
1935,,25.2,16.6,13.1,31.6,15.2,26.4,20.5,33.3,,30.1,45.2,19.5,32.3,17.9,17.7,,41.3,40.2,14.7,36.7,19.6,15.3,28.2,,48.1,34.7,23.6,34.5,21.1,34.7,19.6,30.8,23.4,34.1,31.6,37.8,,32.8,42.3,20.2,17.4,23.0,19.5,14.3,32.0,31.3,26.1,28.2,39.5,30.7,30.1,17.8,,45.2,,24.2,25.7,34.4,13.8,16.0,44.9,33.0,,25.8,17.9,20.4,27.8,18.9,29.9,22.1
1936,,24.5,17.1,13.1,34.8,15.1,25.9,20.3,33.5,,29.5,45.2,19.5,34.7,17.4,17.8,,44.2,43.5,14.8,37.9,19.1,15.0,27.9,,47.8,35.7,21.7,31.5,20.3,35.2,19.6,29.7,22.4,32.9,30.0,40.4,,34.1,43.0,20.2,18.1,25.2,20.3,14.6,38.5,32.2,26.2,28.1,39.6,31.5,33.6,17.9,,46.6,,24.2,24.7,34.1,14.2,15.6,43.5,33.1,,25.1,17.6,19.8,31.9,19.0,29.1,23.4
1937,,24.1,17.4,12.8,32.8,15.0,24.3,20.1,32.3,,30.8,44.5,23.1,29.5,17.2,18.0,,43.4,41.8,14.9,35.8,19.9,14.7,26.2,,46.5,33.8,22.4,36.2,20.0,34.0,19.2,26.7,22.9,31.5,30.9,39.0,,34.4,44.1,19.8,18.9,25.0,19.8,15.0,38.0,33.3,24.9,26.7,38.2,30.8,38.7,17.6,,45.8,47.1,24.9,22.6,37.8,14.4,14.9,44.8,31.6,,26.0,17.9,19.9,33.7,18.8,28.0,22.5
1938,34.3,24.3,17.5,13.9,30.5,15.5,22.8,20.7,32.1,,32.2,45.5,25.3,31.4,16.8,18.1,,43.2,43.5,15.1,38.4,21.0,14.6,25.9,,46.4,29.9,22.1,,19.9,33.6,19.4,26.3,23.8,33.3,27.2,41.2,,32.6,43.5,20.5,19.3,24.8,20.0,15.4,45.5,32.4,24.3,26.6,38.6,29.6,37.5,17.7,,44.9,45.4,25.0,20.0,35.9,14.9,15.2,43.1,33.0,,26.3,18.4,19.8,33.7,19.7,26.7,24.1
1939,27.9,24.1,17.6,20.7,31.1,15.0,21.4,20.6,33.3,,31.5,44.7,15.5,31.1,18.6,17.8,,42.0,44.2,14.8,36.9,21.2,14.6,24.8,,47.4,28.3,22.3,37.5,19.4,33.0,19.1,23.1,23.6,32.3,26.6,42.0,,35.2,44.6,20.6,20.2,27.5,19.5,15.8,27.9,,,26.2,39.6,28.3,36.5,17.4,,47.6,46.3,25.2,16.5,36.0,15.4,15.2,43.7,31.1,,26.1,18.0,20.1,35.9,20.4,25.9,22.4
1940,31.3,24.0,17.9,,32.4,13.3,22.2,21.6,33.4,,32.2,45.3,18.1,33.1,20.6,18.3,,41.3,45.4,14.1,38.6,17.8,13.63,24.5,,48.2,35.0,22.6,37.1,20.0,32.0,19.1,23.5,23.5,30.8,29.4,40.7,,29.1,44.3,20.8,22.6,26.3,19.5,16.1,,,,24.3,38.6,26.5,31.2,17.1,,45.0,45.9,25.2,24.4,35.8,15.1,15.2,43.0,34.7,,26.7,18.6,19.9,36.0,20.1,,26.9
1941,28.0,23.7,18.9,,32.3,11.9,21.9,22.4,32.6,,32.7,45.5,16.9,27.9,20.1,18.5,,40.4,43.5,13.9,40.9,24.2,13.13,18.3,,43.8,35.8,22.0,37.3,19.0,32.2,19.0,20.4,20.9,31.4,31.8,,,32.2,43.5,20.3,24.1,27.3,20.5,15.3,37.4,,,23.8,39.8,23.0,,17.5,,44.7,45.1,24.8,19.6,36.5,15.6,16.9,41.1,33.5,,27.3,19.5,20.4,35.3,18.1,,25.4
1942,,23.3,19.0,,31.0,12.8,22.7,23.5,33.1,,33.1,43.7,,22.4,19.7,20.4,,37.6,42.4,15.6,38.3,16.6,14.53,18.1,,42.6,38.8,17.9,36.7,19.9,29.5,22.3,22.5,20.5,32.7,30.9,,,32.5,45.5,21.0,23.1,28.6,22.3,17.7,37.0,,,24.0,40.2,21.4,,17.6,,,42.2,25.2,20.2,36.7,17.7,18.4,40.3,34.7,,27.7,21.5,19.4,35.6,14.9,,23.8
1943,,24.2,20.6,,32.3,14.6,21.8,24.2,33.1,,32.1,46.1,,29.8,21.5,21.4,,38.7,41.9,16.2,39.0,20.4,15.73,16.7,,42.2,33.6,17.9,36.3,18.4,26.1,21.9,28.6,19.9,31.5,30.9,,,32.6,45.5,23.0,21.2,28.3,23.5,18.9,37.7,,,25.1,38.7,23.4,,18.4,,,42.6,25.9,22.9,40.6,19.3,19.2,40.0,38.5,,28.3,22.1,19.6,36.1,16.0,,23.1
1944,,25.2,21.0,,32.4,15.0,22.0,24.0,33.2,,32.2,44.2,36.0,33.7,22.1,22.7,,39.8,42.0,17.7,37.3,21.3,16.13,20.0,,42.2,28.8,14.8,36.3,,25.8,22.2,29.7,18.3,33.2,,,,43.4,44.2,24.0,23.0,29.4,22.8,20.3,37.8,,,25.3,40.6,21.7,,18.5,,,43.0,26.6,22.5,37.1,20.6,19.6,,39.0,,27.4,20.5,20.7,35.5,,,24.5
1945,,25.2,21.7,,32.3,15.3,24.1,24.3,33.3,,31.7,46.8,20.8,30.5,19.5,23.5,,42.7,42.6,15.9,39.9,25.5,16.23,25.1,,42.9,36.6,15.1,36.5,18.7,27.9,22.7,29.9,18.3,30.0,,,,38.4,44.9,22.6,24.6,34.9,21.3,20.0,37.7,,,26.0,41.9,19.6,,16.9,,,44.2,25.4,23.1,36.7,20.4,20.1,,39.5,,26.5,19.7,21.6,36.2,,,25.3
1946,,24.7,23.6,15.9,31.9,17.5,25.6,27.2,36.2,,32.8,45.0,23.9,32.4,22.7,23.4,10.4,41.2,40.6,19.2,40.8,27.9,20.9,28.2,,48.2,35.6,23.3,37.9,18.7,28.8,22.9,28.6,23.0,30.8,,35.0,,38.4,43.7,30.2,27.1,36.5,22.3,22.6,37.0,28.9,22.8,25.4,41.6,24.8,23.8,20.3,,,44.9,26.9,21.4,38.4,19.7,20.0,,38.8,,38.4,23.6,23.5,37.6,16.1,,25.7
1947,,25.0,24.1,18.5,32.7,17.0,24.0,28.9,36.0,,33.8,44.7,30.1,33.2,24.2,22.1,13.1,43.6,46.9,20.5,39.9,28.0,21.3,27.4,,52.2,39.4,27.7,38.8,20.6,,23.2,30.1,22.3,31.9,34.3,43.0,,43.7,46.1,27.8,27.7,37.5,23.2,21.4,37.2,30.5,26.2,24.5,42.2,23.4,,22.3,,45.9,45.7,27.3,21.4,39.4,18.9,19.4,38.3,38.3,,31.2,26.1,20.1,38.2,16.4,26.6,30.0
1948,,25.3,23.1,17.7,32.5,17.2,24.6,27.3,35.3,,34.9,44.5,29.9,32.3,23.4,20.3,12.8,42.7,44.3,17.8,41.9,27.6,21.1,27.0,37.4,51.9,41.4,28.0,39.5,20.9,,22.0,26.3,22.0,30.7,33.5,40.4,35.6,43.1,45.2,25.3,26.8,33.8,21.7,20.5,32.8,31.5,29.3,26.8,40.2,23.9,,19.7,,46.2,47.1,26.5,23.1,39.7,18.4,19.2,39.7,39.9,,32.4,24.0,18.7,39.2,16.5,28.1,28.2
1949,,25.1,22.9,16.3,32.0,16.8,24.7,27.3,34.7,36.0,35.1,44.2,29.8,27.8,22.4,18.9,14.5,41.8,45.9,16.7,38.6,26.1,20.9,18.6,39.9,51.6,41.6,27.9,40.0,20.6,,21.5,29.9,20.4,32.3,33.0,43.8,36.9,46.1,45.2,23.7,26.1,35.6,21.2,19.5,30.2,30.9,29.4,25.5,39.0,27.6,,18.8,,47.1,47.6,25.9,21.5,39.1,17.4,18.4,42.4,37.2,,33.0,23.6,18.7,41.2,16.8,30.0,27.8
1950,38.8,25.5,23.3,15.6,30.5,16.5,25.2,27.1,34.0,37.0,36.5,46.5,29.6,29.4,23.3,18.7,16.5,44.4,48.5,15.8,39.2,24.5,20.5,20.0,37.3,50.9,40.2,28.2,39.9,20.9,,21.4,34.3,19.6,33.5,28.1,42.0,38.0,49.7,45.5,22.7,25.9,,21.0,19.1,31.3,31.7,30.7,24.3,38.8,26.2,26.7,18.1,,45.7,46.9,25.1,20.1,39.7,16.5,18.1,43.4,37.5,,33.3,23.0,18.6,42.6,16.2,30.2,27.2
1951,38.5,25.2,23.0,14.8,31.6,16.4,21.1,27.2,33.9,37.8,36.1,48.5,25.4,28.7,22.8,17.8,16.9,44.8,49.0,15.5,37.9,23.0,19.5,20.3,39.3,52.3,42.3,28.1,41.0,20.2,,21.2,34.1,18.4,34.6,25.3,43.6,38.7,47.5,44.6,22.3,25.6,,20.7,18.4,30.5,30.5,31.0,24.6,37.6,25.1,27.0,17.8,,46.2,47.9,25.0,20.0,39.8,15.6,17.2,50.0,36.7,,33.8,23.9,18.5,43.4,15.7,27.0,28.5
1952,35.2,24.7,23.3,14.9,33.5,16.7,21.2,27.9,32.6,37.0,36.4,49.8,25.1,26.3,22.2,17.8,16.7,45.1,49.3,15.3,40.0,23.1,19.3,19.3,38.6,50.9,43.8,30.1,39.7,19.6,,21.9,33.0,17.8,34.3,23.4,45.0,37.9,48.0,43.8,22.3,26.0,,20.9,18.8,34.5,30.1,30.2,24.9,36.1,24.8,26.5,17.7,,45.4,47.3,25.2,20.7,38.8,15.5,17.4,46.6,34.6,,33.6,24.1,18.8,42.5,15.7,29.7,28.2
1953,40.9,25.0,22.9,14.8,33.0,16.7,20.9,28.1,34.5,37.0,38.1,47.9,29.6,26.1,21.2,17.9,16.4,42.5,48.7,15.5,40.0,22.0,18.7,18.4,38.8,50.9,43.9,31.6,41.7,21.6,,21.2,32.1,17.5,10.6,21.5,44.4,40.2,45.7,45.0,21.7,25.4,,20.9,18.8,36.2,29.8,29.7,23.7,35.3,23.8,25.1,17.8,,45.8,47.0,25.1,20.4,38.7,15.4,17.0,45.2,37.7,,34.1,24.0,18.8,44.3,15.5,28.4,27.8
1954,40.8,24.7,22.5,15.0,33.6,16.8,20.2,28.5,33.4,38.0,37.2,49.4,,26.6,20.6,17.3,46.3,42.6,49.1,15.2,39.6,21.5,18.7,19.2,39.0,51.3,42.9,32.0,41.7,23.0,,21.3,29.2,18.0,36.4,20.0,44.6,40.0,40.9,46.4,21.5,25.9,,20.8,18.5,37.3,30.7,29.1,23.1,35.2,24.8,26.6,18.1,,45.7,46.7,24.6,19.8,35.7,14.6,17.0,44.6,41.9,,34.9,24.2,19.4,44.8,15.7,28.6,26.7
1955,44.5,24.4,22.6,15.6,33.4,16.7,20.1,28.2,34.9,32.6,38.8,10.7,,25.9,20.3,17.3,16.3,40.3,49.2,15.0,37.9,21.2,18.5,19.4,40.3,48.6,43.4,30.2,43.0,21.4,,21.0,29.2,17.7,37.5,19.4,44.0,39.6,41.4,45.1,21.3,26.1,,20.8,18.5,37.6,31.2,29.1,24.4,34.6,25.6,25.7,18.1,,44.3,45.4,24.6,20.4,37.3,14.8,17.1,45.3,41.9,,34.7,23.8,21.4,44.3,15.7,26.9,25.8
1956,41.9,24.6,22.5,16.7,31.3,16.8,19.5,28.0,34.3,31.9,39.6,48.5,,25.9,19.8,17.2,15.9,40.7,48.5,15.7,40.7,20.8,18.4,19.7,39.7,48.4,43.3,30.7,40.7,19.5,,21.0,28.6,17.7,37.2,18.6,46.7,40.1,43.3,45.2,21.3,26.0,,21.1,18.5,37.6,31.2,28.1,23.4,34.8,24.2,25.7,18.6,,44.4,44.7,24.2,20.5,36.4,14.8,17.4,44.8,37.0,35.5,35.4,24.0,23.5,43.9,16.1,26.0,25.3
1957,39.1,24.4,22.9,17.0,32.4,17.0,18.4,28.2,37.1,34.0,40.1,47.9,29.3,25.8,18.9,16.8,15.6,38.0,50.9,16.1,41.1,20.1,18.4,19.3,37.6,49.0,44.6,29.2,43.2,17.0,,21.2,28.1,17.7,37.9,17.4,46.1,40.7,42.6,45.5,21.2,26.2,,21.5,18.1,38.8,30.0,27.6,24.4,33.7,22.9,25.4,19.1,,43.3,46.4,24.8,21.6,36.5,14.6,17.7,41.4,37.7,39.3,35.3,24.0,23.1,43.2,16.6,23.9,26.9
1958,41.8,23.7,22.6,17.1,31.2,17.1,17.9,27.5,36.3,29.2,40.5,47.2,27.3,25.7,17.4,16.5,15.6,41.1,49.6,16.4,39.6,18.6,18.1,19.0,38.2,48.2,44.5,27.6,43.1,16.0,,20.9,26.7,17.6,39.0,18.2,43.3,38.7,40.3,42.9,21.2,26.6,,21.6,17.9,37.7,29.7,26.3,24.4,33.2,21.6,25.3,19.4,,41.9,45.7,25.0,21.7,35.8,14.2,17.6,41.7,37.6,44.6,34.3,23.3,23.1,42.7,16.7,24.0,27.1
1959,41.9,23.5,22.6,17.7,30.8,17.4,17.6,27.4,36.1,24.8,40.7,48.3,30.5,25.4,16.0,16.3,16.9,42.8,48.5,16.5,41.1,18.9,18.3,19.4,37.0,49.2,44.5,27.4,42.0,15.2,,21.1,26.8,18.1,40.0,17.7,42.2,38.2,37.8,45.6,21.4,26.5,,21.9,17.7,39.1,30.4,24.7,24.3,32.4,20.2,25.0,19.2,,40.1,45.8,24.8,21.5,36.9,14.1,17.7,41.2,37.4,44.8,32.9,22.9,22.6,45.8,17.3,23.4,27.3
1960,43.4,22.9,22.4,17.9,33.6,16.9,17.8,26.7,34.4,20.9,38.8,47.5,31.5,25.3,15.9,16.6,17.0,43.0,49.5,17.1,39.9,18.5,17.9,18.9,38.4,48.9,41.7,,42.3,14.7,,21.5,26.9,18.1,42.0,17.4,40.9,37.4,38.5,44.6,20.8,26.5,,22.5,17.3,39.1,23.7,22.6,24.2,32.4,19.1,24.9,19.6,,38.4,46.7,24.9,21.6,36.6,13.7,17.6,39.5,39.5,43.2,32.1,22.7,23.9,46.0,17.4,23.5,27.0
1961,41.2,22.8,22.8,18.6,29.0,17.2,17.4,26.0,34.7,18.0,39.4,46.9,33.8,26.0,15.8,16.6,17.6,43.9,49.4,17.6,40.9,18.4,18.2,17.9,35.7,49.3,41.6,,42.5,14.0,,21.2,25.1,18.4,40.2,17.1,41.9,36.6,40.1,43.8,21.3,27.1,,22.4,17.3,39.5,23.0,20.9,24.5,31.4,17.5,23.8,19.5,,36.2,46.0,24.3,21.1,35.9,13.9,18.3,38.3,37.9,42.9,31.6,22.2,25.0,45.3,18.0,22.7,23.8
1962,39.3,23.1,22.2,18.7,29.4,16.8,16.7,25.2,36.3,37.0,39.6,45.4,36.9,25.7,15.7,16.7,17.4,41.3,48.4,18.0,39.5,18.1,17.7,18.0,37.7,47.3,42.1,,44.0,12.9,,21.8,24.9,18.4,39.1,17.2,40.4,36.2,38.0,43.9,20.9,26.2,,22.7,17.1,40.0,26.7,19.8,24.5,31.3,16.2,22.4,20.1,,34.8,46.4,24.2,21.1,35.7,14.2,18.7,37.4,37.9,41.6,30.5,21.4,25.3,43.4,17.9,21.9,22.8
1963,39.1,22.8,21.6,18.8,28.5,17.1,16.4,24.6,34.0,43.4,39.3,45.3,35.2,25.1,16.9,17.6,17.6,42.8,49.0,18.2,38.0,18.2,18.2,17.5,36.1,47.2,41.8,,43.2,13.1,,22.2,25.0,18.6,39.0,17.5,40.5,34.7,40.1,43.8,20.9,25.5,,23.1,17.3,39.5,26.3,19.2,23.5,31.0,15.7,21.2,19.7,,34.3,45.3,23.4,21.3,34.4,14.9,19.3,36.3,35.6,42.1,29.7,20.7,23.8,43.4,18.3,21.4,20.3
1964,37.8,22.7,20.6,18.5,27.0,17.1,16.1,23.4,33.1,39.1,38.6,43.0,35.2,24.2,17.2,17.7,17.2,42.1,47.1,18.5,37.8,17.7,18.2,18.0,33.9,45.5,40.5,,44.9,13.1,,22.4,25.7,19.5,39.3,17.9,39.1,34.4,37.9,44.6,20.7,24.2,,23.6,17.8,38.9,26.0,18.1,23.8,31.0,15.2,19.6,20.0,,32.8,45.6,23.2,21.8,33.0,16.0,19.5,34.5,34.6,45.4,29.1,20.0,23.4,43.4,18.2,20.8,19.2
1965,35.2,21.7,19.6,17.9,26.1,16.4,15.3,21.3,32.3,37.9,36.9,42.3,34.2,23.2,16.4,18.0,16.5,41.5,46.9,18.1,35.9,17.1,17.8,17.7,33.7,45.3,40.0,,43.3,13.1,,22.1,25.8,18.8,39.6,18.8,37.7,35.0,35.4,44.1,19.9,22.9,,23.1,17.8,38.4,25.0,17.4,22.9,30.7,14.6,18.4,19.3,,30.7,44.4,22.8,20.9,33.1,15.9,19.1,32.7,32.8,41.8,27.6,18.3,22.2,43.6,17.7,21.0,18.4
1966,34.0,21.3,19.2,17.6,25.6,15.9,14.9,19.3,30.9,35.0,35.9,40.7,32.8,22.3,15.6,18.4,15.7,41.0,45.4,17.8,34.9,17.0,17.6,17.9,34.1,45.2,39.9,,42.1,13.6,,21.6,25.5,18.4,40.0,13.9,38.6,32.1,34.9,44.1,19.2,22.5,,22.5,17.9,38.8,25.2,16.7,22.2,28.9,14.3,18.2,18.6,,29.9,43.4,22.9,20.5,32.3,15.8,18.5,32.4,30.2,43.8,26.1,17.4,21.4,41.8,17.6,20.4,17.8
1967,35.3,21.1,19.4,17.4,21.9,14.7,15.0,18.2,31.6,34.0,35.3,39.0,31.4,21.3,15.1,16.8,14.8,39.2,44.4,17.3,34.5,16.8,17.0,18.7,32.5,41.8,35.9,,41.6,14.6,,21.1,24.3,17.7,37.3,19.6,36.6,30.9,30.6,43.2,18.9,22.5,,22.4,17.6,37.3,24.9,16.3,21.5,26.9,27.4,17.3,18.5,,26.6,42.2,22.8,20.6,31.6,15.4,17.9,28.5,28.2,38.9,25.0,16.8,22.0,42.5,17.0,19.6,18.7
1968,35.6,21.3,20.1,17.0,21.7,14.7,16.9,17.6,27.2,35.6,32.0,36.2,29.8,20.5,14.9,15.3,14.3,38.2,43.2,16.9,30.8,15.9,16.7,18.3,33.2,42.6,35.5,,42.1,15.0,,20.9,25.5,17.3,35.7,18.7,36.8,30.6,30.6,44.3,18.6,22.7,,22.1,17.6,37.4,25.9,16.2,20.6,25.6,26.7,17.2,18.2,,24.5,38.9,23.4,20.0,32.0,14.3,17.3,29.3,27.5,38.2,24.2,16.6,22.1,38.8,16.1,19.1,18.0
1969,35.3,24.8,20.4,16.3,20.5,14.6,17.0,17.6,25.7,34.1,34.6,34.4,28.3,19.8,15.5,14.6,14.0,37.0,42.1,16.4,29.7,14.6,16.7,17.6,30.5,42.2,31.9,,41.1,15.0,,21.5,26.2,17.5,35.1,18.7,34.7,27.4,27.7,42.6,19.2,22.6,,21.4,17.6,36.5,26.5,16.3,20.9,25.0,23.3,17.0,17.3,,22.8,37.1,22.8,19.8,30.4,13.5,16.7,27.9,24.4,38.8,24.4,16.9,20.1,38.7,14.8,18.9,17.8
1970,32.5,22.7,20.6,15.0,20.4,14.6,16.3,17.5,27.6,33.4,,33.2,27.7,19.2,15.9,14.4,13.9,35.1,40.0,16.0,29.9,14.0,16.7,16.5,29.3,40.4,33.4,,40.6,14.7,36.8,21.9,26.9,16.8,34.4,18.9,37.7,28.5,26.0,42.1,18.3,22.1,,21.0,16.6,35.8,26.2,16.6,20.0,24.9,21.1,17.4,16.8,,23.0,34.1,23.2,19.5,29.4,13.7,16.0,27.2,26.2,36.4,25.1,17.4,19.5,37.0,13.4,17.8,18.3
1971,33.3,22.8,21.1,14.5,21.5,14.4,15.9,16.8,28.1,30.6,37.8,31.3,29.5,18.8,16.5,15.2,13.8,35.1,42.3,15.9,30.3,13.2,17.1,16.0,31.2,42.0,31.7,,43.2,14.5,36.9,22.7,28.9,16.8,34.9,19.1,32.8,28.2,25.2,42.5,17.2,22.6,,20.7,16.8,35.9,25.5,17.2,20.2,25.8,19.5,17.8,16.6,,22.7,33.3,22.9,19.5,30.4,14.1,15.5,25.6,26.5,35.1,24.7,16.2,19.8,37.0,12.7,18.3,18.1
1972,,22.4,19.9,13.8,21.9,13.8,15.3,15.9,27.4,29.8,34.4,31.2,30.8,18.6,17.4,15.1,11.8,34.3,40.8,14.7,28.0,12.7,16.9,15.9,30.5,43.6,33.9,,43.6,14.7,36.6,22.7,27.8,16.3,34.3,19.0,32.0,26.4,24.7,43.2,16.1,21.8,,19.4,16.3,34.9,24.9,17.4,19.5,24.1,18.8,17.8,15.1,,23.4,32.8,22.6,19.4,30.0,13.8,14.3,24.2,28.2,37.3,22.9,14.6,19.9,35.7,11.3,18.3,18.0
1973,,22.6,18.3,12.9,20.9,13.3,16.2,15.6,26.8,27.9,33.2,28.5,25.1,18.3,18.9,14.3,10.6,35.6,40.3,13.7,28.2,12.2,16.4,15.4,29.3,41.8,31.9,,41.9,15.0,34.6,22.4,27.6,15.9,31.4,19.2,30.7,23.4,23.0,45.8,14.5,20.5,,18.9,15.5,32.2,26.3,17.9,19.2,24.0,18.2,17.6,14.3,,22.2,32.2,22.2,19.2,28.0,13.5,13.6,23.8,26.6,36.5,21.9,13.9,20.0,34.4,10.3,18.1,16.3
1974,,23.5,17.9,12.8,19.8,12.6,17.2,15.5,25.9,24.8,32.2,29.5,22.2,16.5,19.9,14.1,10.6,35.6,43.2,12.9,29.8,13.3,15.3,16.1,27.0,43.1,30.0,,42.2,17.8,34.5,22.1,27.6,15.7,30.6,18.4,31.0,21.3,26.5,43.4,13.7,19.6,,17.6,15.0,31.8,26.3,18.4,18.9,24.3,20.3,18.0,13.4,,19.6,29.4,20.2,19.5,27.5,13.5,13.1,23.4,26.2,35.6,21.4,14.0,20.5,35.4,10.1,18.1,16.6
1975,,23.8,16.8,12.4,19.1,12.2,16.6,15.8,24.2,23.0,31.1,29.5,20.7,16.0,19.6,14.2,10.8,36.0,39.9,12.2,29.0,13.9,14.1,15.7,25.1,41.4,29.7,,41.9,18.4,35.2,21.2,27.7,14.8,30.0,17.0,30.4,20.5,25.1,37.5,13.0,18.4,,17.0,14.1,31.6,28.2,18.9,19.1,23.9,19.7,18.1,13.1,,17.7,27.9,19.1,18.8,27.8,12.6,12.2,23.0,25.4,36.6,20.7,13.6,20.9,35.2,9.7,18.2,15.7
1976,,23.9,16.2,11.6,18.6,12.3,16.5,15.7,23.0,19.9,30.0,29.8,19.9,18.7,19.3,12.9,11.6,36.1,40.2,11.8,28.3,14.1,13.6,16.0,21.1,43.1,30.5,,43.2,17.5,34.4,21.0,28.0,13.9,29.6,16.2,30.9,17.9,25.7,34.6,12.9,17.7,,17.1,13.3,30.3,30.3,19.5,19.3,24.3,19.5,18.4,12.4,,18.7,26.7,18.5,18.8,27.8,12.0,11.7,25.9,26.5,36.0,21.1,13.8,20.8,35.2,9.8,18.2,14.7
1977,,24.7,15.9,11.3,17.5,12.4,16.1,15.5,21.4,18.9,30.4,31.1,17.7,18.3,18.7,12.9,13.3,37.3,41.7,11.5,27.0,13.9,14.0,15.5,19.3,44.7,,,43.9,16.7,33.3,21.1,26.4,13.1,28.6,15.4,30.0,16.5,25.7,37.6,12.5,17.4,,16.5,12.6,29.4,30.3,19.1,18.6,24.5,19.6,18.1,11.9,,16.5,25.8,17.2,18.1,27.9,11.6,11.5,23.8,26.9,37.2,21.4,14.1,20.3,34.2,9.5,17.7,12.9
1978,,24.3,15.6,11.3,17.4,12.4,15.5,15.3,21.3,18.2,30.2,29.9,15.4,18.8,18.4,12.2,13.9,37.2,39.7,12.1,28.2,13.5,13.8,15.7,17.2,43.8,,,,15.8,33.3,21.2,25.1,12.6,27.7,14.9,29.4,15.5,27.0,35.7,12.6,16.3,,17.1,12.7,28.9,30.5,19.0,17.1,24.1,19.1,18.2,12.3,,16.8,25.9,16.8,17.3,28.5,11.3,11.3,24.1,27.0,34.2,21.3,14.0,19.9,33.8,9.4,17.4,12.0
1979,27.5,24.8,15.4,11.4,17.2,12.6,15.3,15.4,21.4,17.8,29.9,30.2,14.8,19.7,17.9,11.6,14.0,40.0,39.3,12.9,29.8,13.3,14.1,15.7,17.8,44.0,,,,15.0,33.7,21.5,24.7,11.8,27.7,14.2,30.0,16.7,27.6,36.3,12.5,16.8,,18.3,12.7,28.2,30.7,19.5,16.3,23.4,18.6,18.2,13.1,,17.1,27.4,16.4,16.2,28.9,11.6,11.3,24.4,27.9,35.1,22.0,14.5,19.3,33.1,9.5,17.1,11.0
1980,26.5,24.7,15.3,12.0,16.7,12.7,14.5,15.4,22.2,18.2,29.7,29.4,14.1,20.4,16.3,11.2,14.6,37.3,37.7,13.2,29.7,13.2,14.9,15.4,19.7,43.9,,,,13.9,33.7,21.9,24.3,11.3,26.9,13.5,30.2,16.4,26.4,4.9,12.8,16.2,,18.5,12.5,26.9,30.3,19.5,15.8,22.8,18.0,18.3,13.3,,17.1,27.1,16.5,15.2,28.4,11.7,11.7,23.4,27.6,35.2,22.1,14.9,18.5,32.8,10.1,17.1,
1981,26.5,23.7,15.8,12.4,17.7,12.7,14.0,15.3,23.4,20.9,28.8,29.8,14.0,19.6,15.5,10.4,14.2,36.8,35.6,12.8,29.4,13.2,14.9,14.5,19.8,43.4,,,,13.3,33.9,21.0,23.6,11.0,26.8,13.0,30.9,16.6,24.8,35.5,12.5,16.3,,17.8,12.4,26.9,33.4,18.9,15.1,22.0,17.0,18.5,13.3,,17.3,28.2,17.2,14.1,28.2,11.3,11.6,23.0,28.9,34.5,21.6,14.8,18.4,32.1,10.1,16.4,
1982,27.8,22.8,15.8,12.5,18.0,12.2,13.9,15.1,23.8,21.1,27.9,30.7,16.3,20.8,15.2,10.3,14.4,36.0,33.6,12.6,30.6,13.7,14.6,14.0,20.2,42.7,,,,12.5,33.8,20.3,24.0,10.9,26.9,12.8,30.6,16.5,22.4,32.8,12.0,15.7,,17.6,12.5,26.7,33.2,19.4,15.2,21.3,15.3,18.9,12.8,,17.3,29.2,16.7,13.6,26.8,11.1,11.7,22.1,28.8,32.6,21.4,14.9,18.5,32.0,10.1,16.7,
1983,26.0,22.5,15.8,11.9,17.9,11.9,13.8,15.0,22.2,18.6,27.7,30.0,16.7,20.7,14.9,9.9,14.0,37.2,30.5,12.7,29.5,13.8,13.7,13.5,20.4,40.8,,,,11.9,33.7,19.1,24.0,10.6,27.1,12.6,29.8,17.3,20.5,35.0,11.9,15.8,,17.7,12.1,26.4,32.9,19.7,14.4,20.1,14.3,19.8,12.6,,16.2,30.7,17.2,12.7,26.3,11.0,11.5,20.6,29.2,31.6,20.9,14.6,18.0,31.4,9.7,16.4,
1984,27.3,22.0,15.0,11.8,16.8,11.8,13.6,15.1,22.2,17.5,27.6,31.4,16.6,20.6,14.7,10.1,13.7,38.6,29.8,12.8,28.4,13.3,13.8,12.7,20.2,40.3,,,,11.8,33.9,18.2,23.7,10.3,25.2,12.4,30.7,17.5,19.7,32.9,12.1,16.0,,17.9,12.1,26.5,32.5,18.9,14.2,19.4,15.5,19.6,12.7,,16.4,30.8,17.0,12.3,24.8,11.3,11.6,19.6,27.0,32.2,20.1,14.8,17.8,29.9,9.5,16.4,
1985,26.2,22.6,15.7,11.6,16.9,11.6,13.3,14.9,21.6,17.8,27.4,33.9,18.0,19.5,14.6,10.5,13.7,37.5,,13.1,27.9,12.8,13.9,11.7,20.3,41.0,,,,12.2,32.9,17.6,23.5,10.1,24.3,11.8,31.3,17.3,18.5,34.1,12.3,16.0,,17.7,12.3,26.6,32.2,18.2,12.8,19.4,15.8,19.4,13.0,,16.6,28.3,16.5,11.8,24.3,11.8,11.5,18.0,28.6,31.3,20.4,15.0,17.9,29.0,9.6,15.9,
1986,25.3,22.1,15.2,11.5,15.9,11.9,13.4,14.7,22.1,20.8,,,16.3,19.5,14.2,10.8,13.4,40.1,,13.2,26.7,12.3,14.1,11.3,19.2,39.0,,,,12.1,32.6,17.4,23.1,9.7,23.1,11.4,30.2,17.9,18.3,,12.7,16.3,,18.0,12.6,25.9,31.7,17.0,12.4,19.4,16.5,20.0,12.9,,14.8,27.1,14.9,11.2,22.3,12.2,11.7,15.9,26.6,31.0,20.5,14.8,17.8,28.3,10.3,15.5,
1987,25.9,21.3,15.0,11.4,15.1,11.9,13.0,14.4,22.3,20.8,,28.9,17.4,18.7,13.8,11.0,13.6,38.8,,13.6,27.0,12.0,13.8,10.6,19.5,38.5,,,,11.9,32.2,16.6,22.7,9.6,22.2,11.0,28.7,18.9,19.1,34.4,12.7,16.8,,17.7,12.9,25.3,31.3,16.1,12.0,19.5,16.7,19.8,13.0,,16.7,27.8,15.2,10.8,21.9,12.5,11.7,16.0,24.1,29.3,20.8,14.9,17.6,28.3,10.5,15.3,
1988,25.5,20.7,14.9,11.6,14.8,12.1,13.1,14.5,23.3,20.8,,28.5,18.0,19.2,13.8,11.5,12.9,35.6,,13.8,24.5,12.8,13.8,10.7,,39.3,,,,11.9,31.5,15.3,22.6,9.9,22.8,10.7,29.2,19.0,19.7,31.7,12.6,17.5,,17.5,13.7,24.8,30.8,15.5,11.9,19.5,16.5,18.8,13.0,,20.0,24.9,14.0,10.7,20.7,13.3,12.2,17.2,22.5,27.6,21.5,15.0,18.2,27.8,11.0,15.0,
1989,24.6,20.8,14.9,11.7,15.7,12.2,12.5,14.9,23.4,21.5,,28.6,17.6,18.3,13.3,12.0,12.0,33.5,,13.6,23.4,12.8,13.6,10.1,,38.6,,,,11.9,30.5,14.8,22.3,9.7,24.7,10.1,,18.4,20.3,31.1,12.7,17.4,,16.5,14.0,24.9,,14.8,12.0,19.1,16.0,,12.5,,18.0,26.0,14.3,,21.3,13.7,12.2,15.7,20.7,25.2,22.3,15.4,18.0,28.0,11.2,14.2,
1990,25.2,20.9,15.4,11.7,16.8,12.4,11.7,15.2,22.4,21.1,,29.2,17.6,19.6,13.4,12.3,,,,13.9,24.8,13.1,13.4,10.2,,38.3,,,,12.1,30.2,15.1,22.2,9.8,24.7,9.9,27.0,17.8,21.0,33.7,13.2,17.9,,16.7,14.4,25.0,,14.3,11.8,18.9,13.6,13.4,12.9,,18.9,24.1,13.9,10.3,20.1,14.5,12.5,16.6,18.9,25.4,22.4,15.8,18.3,29.9,11.4,14.1,
1991,23.8,21.1,14.9,12.1,16.4,12.6,10.7,14.6,21.6,19.7,,28.2,16.2,19.1,13.3,12.5,,30.0,,13.7,25.3,13.1,13.3,10.0,19.1,37.1,,,,12.3,29.5,14.9,21.4,9.9,25.3,9.9,27.9,17.2,20.7,32.3,13.2,17.6,,16.5,14.3,24.6,,14.3,11.8,18.2,11.9,12.1,13.1,,17.8,,,10.1,21.1,14.4,12.7,15.7,18.2,25.2,21.9,15.4,17.6,30.4,10.4,,
1992,,20.3,15.1,12.1,15.9,12.3,10.4,14.6,21.0,18.2,,27.3,14.5,20.4,,13.1,,30.3,,13.4,25.2,13.3,13.0,10.1,17.9,,,,,11.8,29.0,14.5,21.5,9.9,23.5,9.7,28.1,16.9,21.0,32.2,13.0,17.2,,15.9,14.0,23.6,,13.4,11.7,18.0,11.4,10.7,12.9,,17.5,,,10.2,20.1,14.2,12.6,15.5,18.6,25.3,21.3,15.0,17.3,27.7,10.0,13.6,
1993,,19.8,14.7,11.9,14.3,12.0,10.0,13.4,21.7,18.1,24.0,,14.0,16.8,,13.0,,29.1,33.5,12.1,24.7,12.8,12.3,9.8,,,25.1,,,11.4,28.5,13.9,21.3,9.4,,9.5,28.0,,20.1,27.7,12.8,17.1,,15.3,13.8,22.8,30.4,12.8,11.5,18.0,11.0,9.3,12.4,,17.5,,,9.9,19.9,13.5,12.1,15.6,16.9,24.1,20.5,14.7,17.9,,9.8,13.4,
1994,,19.6,14.5,11.0,,12.0,10.0,13.3,20.6,11.9,,24.6,13.4,,,12.8,,29.0,,12.8,24.6,,12.6,9.6,,,,,,11.3,28.7,14.1,21.2,9.5,23.2,10.0,,,19.6,,12.9,16.3,,14.7,13.7,23.2,24.0,12.6,11.0,17.5,12.1,9.1,12.5,,14.7,,,9.7,19.9,12.6,12.4,15.3,15.7,22.7,,15.2,17.5,25.6,9.7,13.5,
1995,20.0,18.9,14.2,11.0,13.1,11.4,8.6,12.9,19.7,11.2,24.5,24.1,13.4,13.5,9.3,13.3,,27.9,27.7,12.5,24.8,12.3,12.5,9.7,16.8,37.2,21.9,,,11.0,25.4,13.5,21.1,9.7,25.5,9.6,,14.8,18.3,24.6,12.3,15.8,,14.4,13.8,23.5,24.1,11.2,10.8,,10.4,9.2,12.1,,14.0,,,9.3,18.6,11.7,11.7,15.5,15.3,20.8,,14.8,17.6,23.8,9.4,13.1,
1996,18.7,19.2,13.9,11.0,13.3,11.3,8.6,12.3,18.4,10.2,,23.3,12.7,13.1,8.8,12.9,,28.3,28.2,12.5,22.3,11.8,12.6,9.6,,36.9,,,,10.3,27.5,13.9,21.3,9.8,23.4,9.7,,,18.3,,12.2,15.4,,14.7,13.9,23.7,23.0,11.1,11.1,16.9,10.2,8.8,12.7,,13.4,,,9.2,18.6,10.8,11.7,15.2,14.2,19.7,,14.7,18.2,22.3,9.7,13.3,
1997,16.5,19.4,13.5,10.4,,11.3,7.7,11.7,17.8,9.3,,22.5,13.8,12.5,8.8,12.8,,27.5,27.8,12.3,22.7,11.5,12.4,9.7,,36.9,,14.6,,9.9,27.2,14.3,21.4,9.6,23.3,9.5,,,17.4,,12.3,15.3,,14.4,13.6,25.0,28.4,10.7,11.4,17.3,10.5,8.6,13.1,,12.7,,,9.4,17.9,10.2,11.2,15.1,14.5,18.9,,14.5,17.8,22.7,9.9,13.0,
1998,15.9,18.9,13.3,10.1,,11.3,7.9,11.4,17.3,7.9,24.5,23.0,13.6,11.9,8.8,12.5,,27.5,26.3,12.3,22.5,11.1,12.6,9.6,17.0,45.4,23.7,14.8,,9.6,26.4,14.5,21.8,9.7,22.1,9.6,,15.3,16.8,,12.7,15.1,,14.1,13.2,22.6,28.1,10.2,11.4,16.1,10.5,8.8,13.2,,11.3,,,9.3,17.5,10.0,11.1,12.4,,,,14.6,16.7,21.4,9.7,12.4,
1999,13.8,18.8,13.1,9.8,,11.1,8.8,11.1,16.5,15.2,,23.0,13.6,12.4,8.7,12.4,,27.0,25.0,12.9,21.0,11.1,12.7,11.0,17.3,32.5,,14.4,,9.4,26.1,14.2,21.5,9.1,19.0,9.3,23.9,15.2,17.3,,12.7,14.9,,13.7,13.3,22.9,21.6,9.9,11.4,15.8,10.4,8.3,10.9,,11.0,,,9.5,17.3,10.0,11.0,12.9,14.3,16.9,,14.5,16.4,22.1,9.4,11.7,
2000,16.7,19.1,13.0,9.8,14.0,11.2,9.0,10.7,16.2,14.0,,22.4,12.9,12.2,8.8,12.6,,27.4,23.9,11.6,21.2,11.0,13.2,11.7,17.9,37.4,,,,9.7,25.8,14.3,21.7,9.4,18.8,9.4,23.2,15.8,17.0,,13.0,14.7,,12.8,13.2,22.7,23.1,9.9,11.6,15.6,10.5,8.6,10.5,,11.7,,,9.9,17.3,10.2,10.9,13.8,14.1,,,14.4,16.0,22.4,9.3,11.8,
2001,17.7,18.4,12.7,9.4,,11.1,8.6,10.8,15.8,13.4,,19.6,12.4,11.6,8.9,12.2,,26.7,21.6,11.4,20.5,10.8,13.0,10.2,17.3,35.6,,,,9.5,25.4,15.1,21.2,9.2,18.5,9.2,,15.3,16.4,,12.6,14.4,,13.0,12.6,22.1,22.0,9.6,11.0,14.6,9.8,9.0,10.4,,10.0,,,10.0,,10.3,10.2,11.7,14.3,16.9,,14.1,15.7,21.4,8.9,12.2,
2002,14.7,18.5,12.8,9.7,,,8.5,10.5,15.3,12.9,,17.8,12.6,11.1,9.6,11.9,,26.3,19.8,11.3,20.9,10.7,12.8,9.5,16.0,32.3,,,,9.5,25.0,15.5,21.2,9.4,18.6,9.1,,14.0,16.5,,12.5,13.7,,12.6,12.2,20.2,21.0,9.3,11.0,13.7,9.7,9.6,10.1,,9.8,,,10.2,19.1,10.7,9.9,11.0,13.3,,,14.0,15.7,19.5,8.7,10.7,
2003,15.1,18.4,12.6,9.5,13.8,,8.6,10.6,14.7,12.4,,17.8,12.2,11.2,9.2,12.0,,26.1,18.8,11.8,20.8,10.9,12.7,9.5,16.1,31.0,,,,9.3,24.8,15.4,21.7,9.4,17.9,8.8,21.3,13.9,15.8,,12.3,14.0,,12.7,12.4,19.8,20.6,9.2,10.8,13.1,9.8,10.2,10.4,,9.0,,,10.5,19.3,11.1,9.8,10.0,14.0,,,14.1,15.3,21.6,8.6,10.7,
2004,13.75707767,19.3,12.63185843,9.7,12.7,11.1,9.0,10.6,14.3,12.3,,17.3,11.3,11.27255461,9.568407639,11.96202235,,25.67676492,17.7,12.1,20.9,11.0,12.6,9.6,16.4,31.0,,,,9.4,24.1,15.3,21.3,9.7,17.9,8.8,18.7,13.3,15.5912261,,11.9,14.2,,,12.4,19.8,20.5,9.3,10.4,13.2,10.0,10.4,10.6,,10.9,,,10.6,18.8,11.2,9.9,9.6,13.4,16.76845475,,14.0,15.2,24.4,8.6,10.9,
2005,12.60699772,18.5,12.73810553,9.5,12.8,11.3,9.2,10.6,14.2,12.4,,16.8,10.7,10.87467018,9.987305176,11.86895515,,25.49026496,16.8,,21.6,11.0,12.7,9.7,16.9,29.5,,,,9.7,23.8,14.9,20.8,9.5,17.8,8.4,18.0,12.7,15.13770729,,11.5,14.0,,,12.3,19.7,19.8,9.5,10.4,13.0,10.2,10.2,9.7,,10.8,,,10.7,18.9,11.2,9.8,9.1,,17.05045368,,14.0,14.3,25.1,8.3,,
2006,10.86329369,17.87118503,12.84909372,9.423619984,12.48591951,11.51425081,9.6087554,10.88581147,14.08066636,12.05039255,,16.37426981,9.902913675,11.32572318,10.30823504,11.94814601,,25.74329007,17.63475247,,22.17368138,11.17299871,12.93715136,10.04993213,15.70524017,28.29755125,,,,9.916327665,23.5,15.16858125,21.00597601,9.501115674,17.37707774,8.660880455,17.33453853,13.50155381,14.05286829,,11.32117072,14.14543803,,,12.56148115,20.02582858,19.12131996,9.814362777,9.962734108,12.41007634,10.16861047,10.38434601,9.444611944,,8.705639115,,,10.95929758,18.81045423,11.66377861,9.803799739,9.0,13.93742719,17.12003476,,14.28550559,14.24995761,23.90711494,8.167515138,,
2007,10.49018184,17.80631111,13.53487482,9.185691187,12.89948468,11.35907919,9.836987145,11.17118077,14.49379006,12.06396779,,16.46237987,10.00826132,10.91939386,11.10485843,11.74457138,,26.47303152,17.45794277,,23.14194679,11.10457834,12.68480406,9.999777537,17.12999021,27.43606671,,,,9.707153981,23.1,16.27563955,21.12487203,9.497772798,17.03769782,8.642010356,17.36365838,13.36836547,13.51472505,,11.06942807,15.14651278,,,12.41390968,20.17018481,19.7266485,10.17612907,9.661459598,11.8568122,9.96993021,11.32971959,9.424906177,,8.606110796,,,10.97588253,19.29103249,11.74244859,9.865295426,9.0,,17.35953683,,14.31207143,14.25190724,22.3907995,8.325309947,,
2008,11.39252043,18.77102764,13.79726251,9.326641036,,11.95605255,10.19388343,11.34248626,14.70942472,12.10825138,,16.5859945,10.90816632,11.60781841,11.46438457,11.848741,,27.25948045,18.29459541,,,11.20375112,12.77766121,10.5278352,,27.03421563,,,,9.877181021,22.8,16.97496664,21.47043391,9.501115674,16.68551499,8.661824359,17.69561256,,12.90592126,,11.2269591,15.07250111,,,12.6875664,20.25095528,,10.87469802,9.846539098,11.55148523,10.31879832,12.07375568,9.442315583,,8.229532587,,,11.40031608,18.79263949,11.85523899,10.02801374,8.6,,17.71631055,,13.95546989,14.2421294,20.81562617,8.312181194,,
2009,,18.57098987,13.47003196,9.126298896,,11.79058793,10.6729864,,,12.09973478,,16.23207276,11.56969483,12.00983486,11.28037842,11.38122502,,28.82554427,,,21.37481776,11.3274109,12.67014903,10.452504,,,,,,9.622405732,,16.65821175,21.51367332,9.497772798,16.32522538,8.388615375,17.26701084,,12.03420777,,11.1863678,14.49163539,,,12.79985785,19.81364784,,10.94500413,9.357269984,,10.35810082,12.41418071,9.053675884,,7.933675515,,,10.7773273,18.42753056,12.02353344,10.10946518,8.3,,,,,14.09652436,,8.120967875,,
2010,,,,9.385476672,,11.67370076,10.02257811,,,,,15.54595517,,12.42735985,11.13643692,11.43562741,,,,,,11.37554421,12.65728704,,,,,,,9.03335366,,16.52654271,21.76393443,9.291472098,,,,,11.71420006,,11.06627608,,,,12.56674845,,,10.82399516,9.524932253,,9.898264302,12.51552724,9.026824793,,,,,10.41868642,17.65191498,12.33092838,10.22213596,7.2,,,,,,,8.327669968,,
